ID;Year;AADT;Length;Total_crashes;lnaadt;lnlength;speed50;ShouldWidth04;Fatal_crashes;Injury_crashes;Animal;Rollover;AADTover10k
1;2016;7819;0.43;0;8.964311948;-0.84397007;1;0;0;0;0;0;0
2;2016;7819;0.38;2;8.964311948;-0.967584026;1;0;0;0;0;0;0
3;2016;7819;0.63;2;8.964311948;-0.46203546;1;0;0;0;2;0;0
4;2016;7819;0.14;0;8.964311948;-1.966112856;1;0;0;0;0;0;0
5;2016;7819;0.45;0;8.964311948;-0.798507696;1;0;0;0;0;0;0
6;2016;7819;0.21;1;8.964311948;-1.560647748;1;0;0;0;0;0;0
7;2016;7819;0.35;2;8.964311948;-1.049822124;1;0;0;0;0;0;0
8;2016;7819;0.16;0;8.964311948;-1.832581464;1;0;0;0;0;0;0
9;2016;7819;0.26;1;8.964311948;-1.347073648;1;1;0;1;0;0;0
10;2016;7022;0.2;0;8.856803357;-1.609437912;1;0;0;0;0;0;0
11;2016;7022;0.17;0;8.856803357;-1.771956842;1;0;0;0;0;0;0
12;2016;7022;0.13;0;8.856803357;-2.040220829;1;0;0;0;0;0;0
13;2016;2189;0.12;0;7.691200098;-2.120263536;1;0;0;0;0;0;0
14;2016;2189;0.57;1;7.691200098;-0.562118918;1;1;0;0;0;0;0
15;2016;2189;0.86;0;7.691200098;-0.15082289;1;1;0;0;0;0;0
16;2016;2189;0.76;0;7.691200098;-0.274436846;1;1;0;0;0;0;0
17;2016;2189;0.81;1;7.691200098;-0.210721031;1;1;0;1;0;0;0
18;2016;2189;0.14;0;7.691200098;-1.966112856;1;0;0;0;0;0;0
19;2016;2189;0.23;0;7.691200098;-1.46967597;1;1;0;0;0;0;0
20;2016;2189;0.15;0;7.691200098;-1.897119985;1;1;0;0;0;0;0
21;2016;2189;0.13;0;7.691200098;-2.040220829;1;1;0;0;0;0;0
22;2016;2189;0.65;2;7.691200098;-0.430782916;1;1;0;1;0;0;0
23;2016;2189;0.38;0;7.691200098;-0.967584026;1;1;0;0;0;0;0
24;2016;2189;0.11;0;7.691200098;-2.207274913;1;1;0;0;0;0;0
25;2016;2189;0.32;0;7.691200098;-1.139434283;1;0;0;0;0;0;0
26;2016;2189;0.4;0;7.691200098;-0.916290732;1;0;0;0;0;0;0
27;2016;1997;0.16;0;7.599401333;-1.832581464;1;0;0;0;0;0;0
28;2016;1029;0.33;0;6.936342736;-1.108662625;1;0;0;0;0;0;0
29;2016;1029;0.69;0;6.936342736;-0.371063681;1;0;0;0;0;0;0
30;2016;1029;0.49;0;6.936342736;-0.713349888;1;0;0;0;0;0;0
31;2016;1029;0.5;0;6.936342736;-0.693147181;1;0;0;0;0;0;0
32;2016;1029;0.23;0;6.936342736;-1.46967597;1;0;0;0;0;0;0
33;2016;1029;0.36;0;6.936342736;-1.021651248;1;0;0;0;0;0;0
34;2016;1029;0.52;0;6.936342736;-0.653926467;1;0;0;0;0;0;0
35;2016;1029;0.39;0;6.936342736;-0.94160854;1;0;0;0;0;0;0
36;2016;1029;0.95;0;6.936342736;-0.051293294;1;0;0;0;0;0;0
37;2016;1029;0.94;0;6.936342736;-0.061875404;1;0;0;0;0;0;0
38;2016;1029;0.95;0;6.936342736;-0.051293294;1;0;0;0;0;0;0
39;2016;1029;0.95;0;6.936342736;-0.051293294;1;0;0;0;0;0;0
40;2016;1029;0.97;0;6.936342736;-0.030459207;1;0;0;0;0;0;0
41;2016;1029;0.95;0;6.936342736;-0.051293294;1;0;0;0;0;0;0
42;2016;855;0.91;0;6.751101469;-0.094310679;1;0;0;0;0;0;0
43;2016;855;0.97;0;6.751101469;-0.030459207;1;0;0;0;0;0;0
44;2016;855;0.38;0;6.751101469;-0.967584026;1;0;0;0;0;0;0
45;2016;855;0.59;0;6.751101469;-0.527632742;1;0;0;0;0;0;0
46;2016;855;0.46;0;6.751101469;-0.776528789;1;0;0;0;0;0;0
47;2016;855;0.1;0;6.751101469;-2.302585093;1;0;0;0;0;0;0
48;2016;705;0.31;0;6.558197803;-1.171182982;1;0;0;0;0;0;0
49;2016;705;0.6;0;6.558197803;-0.510825624;1;1;0;0;0;0;0
50;2016;705;0.93;0;6.558197803;-0.072570693;1;0;0;0;0;0;0
51;2016;705;0.24;0;6.558197803;-1.427116356;1;0;0;0;0;0;0
52;2016;705;0.58;0;6.558197803;-0.544727175;1;0;0;0;0;0;0
53;2016;705;0.13;0;6.558197803;-2.040220829;1;0;0;0;0;0;0
54;2016;705;0.56;0;6.558197803;-0.579818495;1;0;0;0;0;0;0
55;2016;705;0.29;0;6.558197803;-1.237874356;1;0;0;0;0;0;0
56;2016;705;0.75;0;6.558197803;-0.287682072;1;0;0;0;0;0;0
57;2016;713;0.78;0;6.56948142;-0.248461359;1;0;0;0;0;0;0
58;2016;713;0.32;0;6.56948142;-1.139434283;1;0;0;0;0;0;0
59;2016;713;0.55;0;6.56948142;-0.597837001;1;0;0;0;0;0;0
60;2016;713;0.58;0;6.56948142;-0.544727175;1;0;0;0;0;0;0
61;2016;713;0.28;0;6.56948142;-1.272965676;1;0;0;0;0;0;0
62;2016;713;0.77;0;6.56948142;-0.261364764;1;0;0;0;0;0;0
63;2016;713;0.76;0;6.56948142;-0.274436846;1;0;0;0;0;0;0
64;2016;713;0.17;0;6.56948142;-1.771956842;1;0;0;0;0;0;0
65;2016;713;0.17;0;6.56948142;-1.771956842;1;0;0;0;0;0;0
66;2016;1286;0.38;0;7.159291905;-0.967584026;1;0;0;0;0;0;0
67;2016;2232;0.16;1;7.710653324;-1.832581464;1;0;0;0;0;0;0
68;2016;2295;0.24;0;7.738488122;-1.427116356;1;0;0;0;0;0;0
69;2016;2449;0.27;1;7.803435057;-1.30933332;1;0;0;0;1;0;0
70;2016;2449;0.28;0;7.803435057;-1.272965676;1;0;0;0;0;0;0
71;2016;2449;0.14;1;7.803435057;-1.966112856;1;0;0;0;0;0;0
73;2016;2449;0.19;0;7.803435057;-1.660731207;1;0;0;0;0;0;0
74;2016;2449;0.21;0;7.803435057;-1.560647748;1;0;0;0;0;0;0
75;2016;2449;0.4;0;7.803435057;-0.916290732;1;0;0;0;0;0;0
76;2016;2449;0.39;0;7.803435057;-0.94160854;1;0;0;0;0;0;0
77;2016;1056;0.82;0;6.962243464;-0.198450939;1;0;0;0;0;0;0
78;2016;1056;0.94;0;6.962243464;-0.061875404;1;0;0;0;0;0;0
79;2016;1056;0.26;0;6.962243464;-1.347073648;1;0;0;0;0;0;0
80;2016;1056;0.64;0;6.962243464;-0.446287103;1;0;0;0;0;0;0
81;2016;1056;0.24;0;6.962243464;-1.427116356;1;0;0;0;0;0;0
82;2016;1056;0.16;0;6.962243464;-1.832581464;1;0;0;0;0;0;0
83;2016;1056;0.24;0;6.962243464;-1.427116356;1;0;0;0;0;0;0
84;2016;1056;0.11;0;6.962243464;-2.207274913;1;1;0;0;0;0;0
85;2016;1056;0.46;0;6.962243464;-0.776528789;1;0;0;0;0;0;0
86;2016;1056;1;0;6.962243464;0;1;0;0;0;0;0;0
87;2016;1056;0.51;0;6.962243464;-0.673344553;1;0;0;0;0;0;0
88;2016;1056;0.6;0;6.962243464;-0.510825624;1;0;0;0;0;0;0
89;2016;1093;0.18;0;6.996681488;-1.714798428;1;1;0;0;0;0;0
90;2016;1093;0.88;1;6.996681488;-0.127833372;1;1;0;0;1;0;0
91;2016;1093;0.99;1;6.996681488;-0.010050336;1;1;0;0;0;0;0
92;2016;1093;0.13;0;6.996681488;-2.040220829;1;1;0;0;0;0;0
93;2016;1093;0.19;0;6.996681488;-1.660731207;1;1;0;0;0;0;0
94;2016;1093;0.11;0;6.996681488;-2.207274913;1;1;0;0;0;0;0
95;2016;1236;0.46;0;7.119635638;-0.776528789;1;1;0;0;0;0;0
96;2016;1236;0.7;0;7.119635638;-0.356674944;1;1;0;0;0;0;0
97;2016;1236;0.15;0;7.119635638;-1.897119985;1;1;0;0;0;0;0
98;2016;1236;0.31;0;7.119635638;-1.171182982;1;1;0;0;0;0;0
99;2016;1236;0.51;0;7.119635638;-0.673344553;1;1;0;0;0;0;0
100;2016;3209;0.19;0;8.073714641;-1.660731207;1;1;0;0;0;0;0
101;2016;3209;0.15;0;8.073714641;-1.897119985;1;1;0;0;0;0;0
102;2016;3694;0.16;0;8.214465161;-1.832581464;1;0;0;0;0;0;0
103;2016;3694;0.2;1;8.214465161;-1.609437912;1;0;0;0;0;0;0
104;2016;3016;0.77;0;8.011686729;-0.261364764;1;0;0;0;0;0;0
105;2016;3016;0.19;0;8.011686729;-1.660731207;1;0;0;0;0;0;0
106;2016;3016;0.56;0;8.011686729;-0.579818495;1;0;0;0;0;0;0
107;2016;3048;0.38;0;8.022240917;-0.967584026;1;0;0;0;0;0;0
108;2016;3048;0.1;0;8.022240917;-2.302585093;1;0;0;0;0;0;0
109;2016;3048;0.12;0;8.022240917;-2.120263536;1;1;0;0;0;0;0
110;2016;2662;0.28;0;7.886832999;-1.272965676;1;1;0;0;0;0;0
111;2016;2662;0.12;0;7.886832999;-2.120263536;1;1;0;0;0;0;0
112;2016;2662;0.15;0;7.886832999;-1.897119985;1;1;0;0;0;0;0
113;2016;2662;0.77;0;7.886832999;-0.261364764;1;0;0;0;0;0;0
114;2016;2662;0.94;0;7.886832999;-0.061875404;1;0;0;0;0;0;0
115;2016;2662;1;1;7.886832999;0;1;0;0;0;0;1;0
116;2016;2662;0.55;0;7.886832999;-0.597837001;1;0;0;0;0;0;0
117;2016;2662;0.45;0;7.886832999;-0.798507696;1;0;0;0;0;0;0
118;2016;2662;0.54;0;7.886832999;-0.616186139;1;0;0;0;0;0;0
119;2016;2662;0.24;0;7.886832999;-1.427116356;1;0;0;0;0;0;0
120;2016;3008;0.8;0;8.009030685;-0.223143551;1;0;0;0;0;0;0
121;2016;6329;0.14;1;8.752897525;-1.966112856;1;0;0;0;0;0;0
122;2016;5135;0.26;0;8.543835122;-1.347073648;1;0;0;0;0;0;0
123;2016;5135;1;0;8.543835122;0;1;0;0;0;0;0;0
124;2016;5135;1;1;8.543835122;0;1;0;0;0;0;0;0
125;2016;4629;0.56;0;8.440096141;-0.579818495;1;0;0;0;0;0;0
126;2016;4864;0.83;0;8.489616424;-0.186329578;1;0;0;0;0;0;0
127;2016;4864;0.11;0;8.489616424;-2.207274913;1;0;0;0;0;0;0
128;2016;4864;0.57;0;8.489616424;-0.562118918;1;0;0;0;0;0;0
129;2016;4864;0.21;0;8.489616424;-1.560647748;1;0;0;0;0;0;0
130;2016;4864;0.53;2;8.489616424;-0.634878272;1;0;0;0;0;0;0
131;2016;4864;0.27;0;8.489616424;-1.30933332;1;1;0;0;0;0;0
132;2016;6555;0.22;0;8.787983396;-1.514127733;1;0;0;0;0;0;0
133;2016;6555;0.38;0;8.787983396;-0.967584026;1;0;0;0;0;0;0
134;2016;6555;0.54;0;8.787983396;-0.616186139;1;0;0;0;0;0;0
135;2016;6555;0.14;0;8.787983396;-1.966112856;1;0;0;0;0;0;0
136;2016;6555;0.21;1;8.787983396;-1.560647748;1;0;0;0;0;0;0
137;2016;6555;0.14;0;8.787983396;-1.966112856;1;0;0;0;0;0;0
138;2016;6555;0.7;0;8.787983396;-0.356674944;1;0;0;0;0;0;0
139;2016;6555;0.52;2;8.787983396;-0.653926467;1;0;0;0;0;0;0
140;2016;6555;0.57;0;8.787983396;-0.562118918;1;0;0;0;0;0;0
141;2016;6555;0.14;0;8.787983396;-1.966112856;1;0;0;0;0;0;0
142;2016;6555;0.1;0;8.787983396;-2.302585093;1;0;0;0;0;0;0
143;2016;6420;0.15;0;8.767173397;-1.897119985;1;0;0;0;0;0;0
144;2016;7056;0.99;2;8.861633598;-0.010050336;1;0;0;0;0;0;0
145;2016;7056;0.13;0;8.861633598;-2.040220829;1;0;0;0;0;0;0
146;2016;7056;0.12;0;8.861633598;-2.120263536;1;0;0;0;0;0;0
147;2016;7056;0.42;1;8.861633598;-0.867500568;1;1;0;0;0;0;0
148;2016;7056;0.15;1;8.861633598;-1.897119985;1;1;0;0;1;0;0
149;2016;8991;0.21;0;9.103979356;-1.560647748;1;1;0;0;0;0;0
150;2016;8991;0.13;0;9.103979356;-2.040220829;1;0;0;0;0;0;0
151;2016;8991;0.17;0;9.103979356;-1.771956842;1;0;0;0;0;0;0
152;2016;8991;0.51;0;9.103979356;-0.673344553;1;0;0;0;0;0;0
153;2016;8991;0.8;0;9.103979356;-0.223143551;1;0;0;0;0;0;0
154;2016;12788;0.24;0;9.45626251;-1.427116356;0;1;0;0;0;0;1
155;2016;12788;0.32;0;9.45626251;-1.139434283;0;0;0;0;0;0;1
156;2016;12788;0.29;2;9.45626251;-1.237874356;0;1;0;0;0;0;1
157;2016;12788;0.18;2;9.45626251;-1.714798428;0;1;0;0;0;0;1
158;2016;12788;0.13;1;9.45626251;-2.040220829;0;1;0;0;0;0;1
159;2016;9765;0.57;1;9.186559843;-0.562118918;0;1;0;1;0;0;0
160;2016;9765;0.99;3;9.186559843;-0.010050336;0;1;0;1;1;0;0
161;2016;7574;0.22;0;8.932476608;-1.514127733;0;1;0;0;0;0;0
162;2016;7574;0.28;1;8.932476608;-1.272965676;0;1;0;0;0;0;0
163;2016;7574;0.67;2;8.932476608;-0.400477567;0;1;0;1;0;1;0
164;2016;7574;0.15;1;8.932476608;-1.897119985;0;1;0;0;0;0;0
165;2016;7574;0.42;1;8.932476608;-0.867500568;0;1;0;0;0;0;0
166;2016;7574;0.19;0;8.932476608;-1.660731207;0;1;0;0;0;0;0
167;2016;7574;0.64;0;8.932476608;-0.446287103;0;1;0;0;0;0;0
168;2016;7574;0.3;0;8.932476608;-1.203972804;0;1;0;0;0;0;0
169;2016;7574;0.2;0;8.932476608;-1.609437912;0;1;0;0;0;0;0
170;2016;7574;0.51;0;8.932476608;-0.673344553;0;1;0;0;0;0;0
171;2016;7574;0.36;1;8.932476608;-1.021651248;0;1;0;0;0;0;0
172;2016;7574;0.29;0;8.932476608;-1.237874356;0;1;0;0;0;0;0
173;2016;7574;0.29;1;8.932476608;-1.237874356;0;1;0;0;0;0;0
174;2016;7574;0.22;3;8.932476608;-1.514127733;0;1;0;0;2;0;0
175;2016;7574;0.56;4;8.932476608;-0.579818495;0;1;0;0;0;0;0
176;2016;7574;0.21;1;8.932476608;-1.560647748;0;1;0;0;0;0;0
177;2016;7574;0.95;3;8.932476608;-0.051293294;0;1;0;0;0;0;0
178;2016;7574;0.96;4;8.932476608;-0.040821995;0;1;0;1;1;0;0
179;2016;7574;0.34;2;8.932476608;-1.078809661;0;1;0;0;1;0;0
180;2016;9503;0.35;1;9.159362817;-1.049822124;0;0;0;0;0;0;0
181;2016;9503;0.1;1;9.159362817;-2.302585093;0;0;0;0;0;0;0
182;2016;9503;0.12;3;9.159362817;-2.120263536;0;0;0;0;0;0;0
183;2016;11111;0.12;0;9.315690888;-2.120263536;0;0;0;0;0;0;1
184;2016;8543;0.12;1;9.052867513;-2.120263536;0;1;0;0;0;0;0
185;2016;8543;0.5;2;9.052867513;-0.693147181;0;1;0;0;0;0;0
186;2016;8543;0.17;1;9.052867513;-1.771956842;0;1;0;0;0;0;0
187;2016;8543;0.17;0;9.052867513;-1.771956842;0;1;0;0;0;0;0
188;2016;8543;0.13;2;9.052867513;-2.040220829;0;1;0;0;0;0;0
189;2016;8543;0.13;0;9.052867513;-2.040220829;0;1;0;0;0;0;0
190;2016;8543;0.15;0;9.052867513;-1.897119985;0;1;0;0;0;0;0
191;2016;8543;0.27;1;9.052867513;-1.30933332;0;1;0;0;0;0;0
192;2016;11367;0.34;1;9.3384697;-1.078809661;0;1;0;0;0;0;1
193;2016;11367;0.11;0;9.3384697;-2.207274913;0;1;0;0;0;0;1
194;2016;11367;0.54;8;9.3384697;-0.616186139;0;1;0;2;0;0;1
195;2016;11367;0.14;1;9.3384697;-1.966112856;0;1;0;0;0;0;1
196;2016;11367;0.31;2;9.3384697;-1.171182982;0;1;0;0;0;0;1
197;2016;16242;0.43;2;9.695355759;-0.84397007;0;1;0;0;0;0;1
198;2016;16242;0.15;1;9.695355759;-1.897119985;0;1;0;0;0;0;1
200;2016;16242;0.2;3;9.695355759;-1.609437912;0;1;0;0;0;0;1
201;2016;16242;0.15;4;9.695355759;-1.897119985;0;1;0;0;0;0;1
202;2016;16242;0.11;5;9.695355759;-2.207274913;0;1;0;0;0;0;1
203;2016;19241;0.19;0;9.864798698;-1.660731207;0;0;0;0;0;0;1
204;2016;14358;0.16;1;9.572062557;-1.832581464;0;1;0;0;0;0;1
205;2016;14358;0.12;6;9.572062557;-2.120263536;0;1;0;0;0;0;1
206;2016;14358;0.52;4;9.572062557;-0.653926467;0;1;0;1;1;0;1
207;2016;17980;0.18;0;9.797015308;-1.714798428;0;1;0;0;0;0;1
208;2016;17980;0.15;0;9.797015308;-1.897119985;0;0;0;0;0;0;1
209;2016;17980;0.14;1;9.797015308;-1.966112856;0;0;0;0;0;0;1
210;2016;17980;0.26;4;9.797015308;-1.347073648;0;0;0;0;2;0;1
211;2016;2720;0.71;0;7.908387159;-0.342490309;0;1;0;0;0;0;0
212;2016;2720;0.15;0;7.908387159;-1.897119985;0;1;0;0;0;0;0
213;2016;2720;0.42;0;7.908387159;-0.867500568;0;1;0;0;0;0;0
214;2016;2720;0.8;0;7.908387159;-0.223143551;0;1;0;0;0;0;0
215;2016;2720;0.25;0;7.908387159;-1.386294361;0;1;0;0;0;0;0
216;2016;2720;0.12;0;7.908387159;-2.120263536;0;1;0;0;0;0;0
217;2016;2720;0.42;1;7.908387159;-0.867500568;0;1;0;0;0;0;0
218;2016;2720;0.88;1;7.908387159;-0.127833372;0;1;0;0;0;0;0
219;2016;2720;0.28;1;7.908387159;-1.272965676;0;1;0;0;0;0;0
220;2016;2720;0.74;0;7.908387159;-0.301105093;0;1;0;0;0;0;0
221;2016;2720;0.35;0;7.908387159;-1.049822124;0;1;0;0;0;0;0
222;2016;2720;0.51;0;7.908387159;-0.673344553;0;1;0;0;0;0;0
223;2016;2720;0.21;0;7.908387159;-1.560647748;0;1;0;0;0;0;0
224;2016;2720;0.12;0;7.908387159;-2.120263536;0;1;0;0;0;0;0
225;2016;2552;0.13;0;7.844632644;-2.040220829;0;1;0;0;0;0;0
226;2016;1515;0.19;0;7.323170718;-1.660731207;0;1;0;0;0;0;0
227;2016;1515;0.11;0;7.323170718;-2.207274913;0;1;0;0;0;0;0
228;2016;1515;0.27;0;7.323170718;-1.30933332;0;1;0;0;0;0;0
229;2016;1515;0.55;0;7.323170718;-0.597837001;0;1;0;0;0;0;0
230;2016;1515;0.57;0;7.323170718;-0.562118918;0;1;0;0;0;0;0
231;2016;1252;0.51;0;7.132497552;-0.673344553;0;1;0;0;0;0;0
232;2016;1252;0.22;0;7.132497552;-1.514127733;0;1;0;0;0;0;0
233;2016;1252;0.11;0;7.132497552;-2.207274913;0;1;0;0;0;0;0
234;2016;1252;0.11;0;7.132497552;-2.207274913;0;0;0;0;0;0;0
235;2016;1252;0.12;0;7.132497552;-2.120263536;0;0;0;0;0;0;0
236;2016;1252;0.46;0;7.132497552;-0.776528789;0;1;0;0;0;0;0
237;2016;1252;0.23;0;7.132497552;-1.46967597;0;1;0;0;0;0;0
238;2016;1252;0.12;0;7.132497552;-2.120263536;0;1;0;0;0;0;0
239;2016;866;0.3;0;6.763884909;-1.203972804;0;1;0;0;0;0;0
240;2016;866;0.18;0;6.763884909;-1.714798428;0;1;0;0;0;0;0
241;2016;866;0.44;0;6.763884909;-0.820980552;0;1;0;0;0;0;0
242;2016;866;0.73;2;6.763884909;-0.314710745;0;1;0;1;1;0;0
243;2016;866;0.48;1;6.763884909;-0.733969175;0;1;0;0;0;1;0
244;2016;866;0.19;0;6.763884909;-1.660731207;0;1;0;0;0;0;0
245;2016;866;0.21;0;6.763884909;-1.560647748;0;1;0;0;0;0;0
246;2016;866;0.38;0;6.763884909;-0.967584026;0;1;0;0;0;0;0
247;2016;866;0.13;0;6.763884909;-2.040220829;0;0;0;0;0;0;0
248;2016;866;0.14;0;6.763884909;-1.966112856;0;0;0;0;0;0;0
249;2016;866;0.11;0;6.763884909;-2.207274913;0;0;0;0;0;0;0
250;2016;1093;0.27;0;6.996681488;-1.30933332;0;1;0;0;0;0;0
251;2016;1093;0.33;0;6.996681488;-1.108662625;0;1;0;0;0;0;0
252;2016;1093;0.19;0;6.996681488;-1.660731207;0;1;0;0;0;0;0
253;2016;552;0.27;0;6.313548046;-1.30933332;0;1;0;0;0;0;0
254;2016;552;0.74;0;6.313548046;-0.301105093;0;1;0;0;0;0;0
255;2016;382;0.36;0;5.945420609;-1.021651248;0;1;0;0;0;0;0
256;2016;382;0.17;0;5.945420609;-1.771956842;0;1;0;0;0;0;0
257;2016;382;0.76;0;5.945420609;-0.274436846;0;1;0;0;0;0;0
258;2016;382;0.51;0;5.945420609;-0.673344553;0;1;0;0;0;0;0
259;2016;382;0.7;0;5.945420609;-0.356674944;0;1;0;0;0;0;0
260;2016;1091;0.1;0;6.994849986;-2.302585093;0;1;0;0;0;0;0
261;2016;702;1;0;6.553933404;0;0;1;0;0;0;0;0
262;2016;702;1;1;6.553933404;0;0;1;0;0;0;0;0
263;2016;702;0.12;0;6.553933404;-2.120263536;0;1;0;0;0;0;0
264;2016;702;0.1;0;6.553933404;-2.302585093;0;1;0;0;0;0;0
265;2016;702;0.76;0;6.553933404;-0.274436846;0;1;0;0;0;0;0
266;2016;702;0.97;0;6.553933404;-0.030459207;0;1;0;0;0;0;0
267;2016;702;0.72;0;6.553933404;-0.328504067;0;1;0;0;0;0;0
268;2016;702;0.56;0;6.553933404;-0.579818495;0;1;0;0;0;0;0
269;2016;702;0.58;0;6.553933404;-0.544727175;0;1;0;0;0;0;0
270;2016;702;0.34;0;6.553933404;-1.078809661;0;1;0;0;0;0;0
271;2016;702;0.8;1;6.553933404;-0.223143551;0;1;0;0;0;0;0
272;2016;702;0.24;1;6.553933404;-1.427116356;0;1;0;0;0;0;0
273;2016;827;0.27;0;6.717804695;-1.30933332;0;1;0;0;0;0;0
274;2016;827;0.16;0;6.717804695;-1.832581464;0;0;0;0;0;0;0
275;2016;1686;0.83;0;7.430114139;-0.186329578;0;1;0;0;0;0;0
276;2016;1686;0.28;0;7.430114139;-1.272965676;0;1;0;0;0;0;0
277;2016;1686;0.76;0;7.430114139;-0.274436846;0;1;0;0;0;0;0
278;2016;1686;0.12;1;7.430114139;-2.120263536;0;0;0;0;0;0;0
279;2016;4765;0.73;0;8.469052816;-0.314710745;0;0;0;0;0;0;0
280;2016;4765;0.15;0;8.469052816;-1.897119985;0;0;0;0;0;0;0
281;2016;4765;0.77;0;8.469052816;-0.261364764;0;0;0;0;0;0;0
282;2016;4765;0.86;2;8.469052816;-0.15082289;0;0;0;1;1;1;0
283;2016;6696;0.22;0;8.809265612;-1.514127733;0;0;0;0;0;0;0
284;2016;7141;0.2;0;8.873608102;-1.609437912;0;0;0;0;0;0;0
285;2016;7141;0.29;0;8.873608102;-1.237874356;0;0;0;0;0;0;0
286;2016;7141;0.48;0;8.873608102;-0.733969175;0;0;0;0;0;0;0
287;2016;7141;0.18;1;8.873608102;-1.714798428;0;0;0;0;1;0;0
288;2016;7141;0.49;1;8.873608102;-0.713349888;0;0;0;0;0;0;0
289;2016;6348;0.56;2;8.755895082;-0.579818495;0;0;0;0;1;0;0
290;2016;6348;0.31;0;8.755895082;-1.171182982;0;0;0;0;0;0;0
291;2016;6348;0.17;1;8.755895082;-1.771956842;0;0;0;0;1;0;0
292;2016;6348;0.51;2;8.755895082;-0.673344553;0;0;0;0;2;0;0
293;2016;6348;0.61;2;8.755895082;-0.494296322;0;0;0;0;1;0;0
294;2016;4743;0.27;2;8.464425126;-1.30933332;0;0;0;0;0;0;0
295;2016;4743;0.65;1;8.464425126;-0.430782916;0;0;0;0;0;0;0
296;2016;4743;0.85;1;8.464425126;-0.162518929;0;0;0;0;0;0;0
297;2016;4743;0.68;2;8.464425126;-0.385662481;0;0;0;0;1;0;0
298;2016;4743;0.22;0;8.464425126;-1.514127733;0;0;0;0;0;0;0
299;2016;8678;0.84;2;9.068546366;-0.174353387;0;0;0;1;1;0;0
300;2016;8678;0.18;0;9.068546366;-1.714798428;0;0;0;0;0;0;0
301;2016;8678;0.33;1;9.068546366;-1.108662625;0;0;0;0;0;0;0
302;2016;8678;0.27;4;9.068546366;-1.30933332;0;0;0;1;1;0;0
303;2016;8678;0.32;0;9.068546366;-1.139434283;0;0;0;0;0;0;0
304;2016;8678;0.11;0;9.068546366;-2.207274913;0;0;0;0;0;0;0
305;2016;8678;0.24;0;9.068546366;-1.427116356;0;0;0;0;0;0;0
306;2016;8907;1;2;9.094592763;0;0;0;0;0;1;1;0
307;2016;8619;0.68;1;9.061724348;-0.385662481;0;0;0;0;0;0;0
309;2016;8619;0.66;1;9.061724348;-0.415515444;0;0;0;0;0;0;0
311;2016;8619;0.75;4;9.061724348;-0.287682072;0;0;0;0;2;0;0
312;2016;8619;0.87;10;9.061724348;-0.139262067;0;0;0;1;3;0;0
313;2016;8619;0.61;3;9.061724348;-0.494296322;0;0;0;0;1;0;0
314;2016;8619;0.39;0;9.061724348;-0.94160854;0;0;0;0;0;0;0
315;2016;8619;0.68;1;9.061724348;-0.385662481;0;0;0;0;0;0;0
316;2016;8619;0.17;0;9.061724348;-1.771956842;0;0;0;0;0;0;0
317;2016;8619;0.13;0;9.061724348;-2.040220829;0;0;0;0;0;0;0
318;2016;8287;0.19;0;9.022443301;-1.660731207;0;0;0;0;0;0;0
319;2016;8287;0.56;1;9.022443301;-0.579818495;0;0;1;0;0;0;0
320;2016;8287;0.26;3;9.022443301;-1.347073648;0;1;0;0;2;0;0
321;2016;8287;0.43;0;9.022443301;-0.84397007;0;1;0;0;0;0;0
322;2016;8287;0.17;2;9.022443301;-1.771956842;0;0;0;0;0;0;0
323;2016;8287;0.98;2;9.022443301;-0.020202707;0;1;1;0;0;0;0
324;2016;8287;0.35;1;9.022443301;-1.049822124;0;0;0;0;0;0;0
325;2016;8287;0.15;0;9.022443301;-1.897119985;0;0;0;0;0;0;0
326;2016;9432;0.35;1;9.151863442;-1.049822124;0;0;0;0;0;0;0
327;2016;9432;0.46;2;9.151863442;-0.776528789;0;0;0;1;0;0;0
328;2016;5176;1;3;8.551787836;0;0;0;0;0;0;0;0
329;2016;5176;0.26;0;8.551787836;-1.347073648;0;0;0;0;0;0;0
330;2016;5176;0.49;0;8.551787836;-0.713349888;0;0;0;0;0;0;0
332;2016;5176;0.26;1;8.551787836;-1.347073648;0;0;0;0;0;1;0
333;2016;5176;0.5;1;8.551787836;-0.693147181;0;0;0;1;0;0;0
334;2016;5176;0.17;2;8.551787836;-1.771956842;0;0;0;0;0;0;0
335;2016;5176;0.17;2;8.551787836;-1.771956842;0;0;0;0;1;0;0
336;2016;5176;0.37;0;8.551787836;-0.994252273;0;0;0;0;0;0;0
337;2016;5176;0.73;2;8.551787836;-0.314710745;0;0;0;0;1;0;0
338;2016;5176;0.34;3;8.551787836;-1.078809661;0;0;0;0;1;0;0
339;2016;4938;0.36;1;8.50471567;-1.021651248;0;0;0;0;0;0;0
340;2016;4938;0.11;0;8.50471567;-2.207274913;0;0;0;0;0;0;0
341;2016;7287;0.17;0;8.893847218;-1.771956842;0;0;0;0;0;0;0
342;2016;7287;0.32;0;8.893847218;-1.139434283;0;0;0;0;0;0;0
343;2016;7294;0.12;0;8.894807371;-2.120263536;0;0;0;0;0;0;0
344;2016;5535;0.19;0;8.618846845;-1.660731207;0;0;0;0;0;0;0
345;2016;5535;0.13;0;8.618846845;-2.040220829;0;0;0;0;0;0;0
346;2016;5535;0.12;1;8.618846845;-2.120263536;0;0;0;0;0;0;0
347;2016;1450;0.12;0;7.279318835;-2.120263536;0;0;0;0;0;0;0
348;2016;1450;0.2;0;7.279318835;-1.609437912;0;0;0;0;0;0;0
349;2016;1450;0.1;0;7.279318835;-2.302585093;0;0;0;0;0;0;0
350;2016;1450;0.25;0;7.279318835;-1.386294361;0;0;0;0;0;0;0
351;2016;980;0.66;0;6.887552572;-0.415515444;0;0;0;0;0;0;0
352;2016;980;0.17;0;6.887552572;-1.771956842;0;0;0;0;0;0;0
353;2016;980;0.52;0;6.887552572;-0.653926467;0;0;0;0;0;0;0
354;2016;980;0.15;0;6.887552572;-1.897119985;0;0;0;0;0;0;0
355;2016;980;0.91;0;6.887552572;-0.094310679;0;0;0;0;0;0;0
356;2016;592;0.11;0;6.383506635;-2.207274913;0;0;0;0;0;0;0
357;2016;592;0.15;0;6.383506635;-1.897119985;0;0;0;0;0;0;0
358;2016;592;0.15;0;6.383506635;-1.897119985;0;0;0;0;0;0;0
359;2016;592;0.22;0;6.383506635;-1.514127733;0;0;0;0;0;0;0
360;2016;592;0.29;0;6.383506635;-1.237874356;0;0;0;0;0;0;0
361;2016;592;0.32;0;6.383506635;-1.139434283;0;0;0;0;0;0;0
362;2016;485;0.83;0;6.184148891;-0.186329578;0;0;0;0;0;0;0
363;2016;485;0.3;0;6.184148891;-1.203972804;0;0;0;0;0;0;0
364;2016;485;0.69;0;6.184148891;-0.371063681;0;0;0;0;0;0;0
365;2016;350;0.32;1;5.857933154;-1.139434283;0;0;0;0;0;0;0
366;2016;350;0.75;0;5.857933154;-0.287682072;0;1;0;0;0;0;0
367;2016;350;0.14;0;5.857933154;-1.966112856;0;0;0;0;0;0;0
368;2016;350;0.42;0;5.857933154;-0.867500568;0;0;0;0;0;0;0
369;2016;350;0.4;0;5.857933154;-0.916290732;0;0;0;0;0;0;0
370;2016;350;0.64;0;5.857933154;-0.446287103;0;0;0;0;0;0;0
371;2016;754;0.49;0;6.625392368;-0.713349888;0;0;0;0;0;0;0
372;2016;754;0.11;0;6.625392368;-2.207274913;0;0;0;0;0;0;0
373;2016;754;0.56;0;6.625392368;-0.579818495;0;0;0;0;0;0;0
374;2016;754;0.83;0;6.625392368;-0.186329578;0;0;0;0;0;0;0
375;2016;754;0.3;0;6.625392368;-1.203972804;0;0;0;0;0;0;0
376;2016;971;0.14;0;6.878326468;-1.966112856;0;0;0;0;0;0;0
377;2016;797;0.58;0;6.680854679;-0.544727175;0;0;0;0;0;0;0
378;2016;797;0.16;0;6.680854679;-1.832581464;0;0;0;0;0;0;0
379;2016;565;0.67;0;6.336825731;-0.400477567;0;0;0;0;0;0;0
380;2016;565;0.32;0;6.336825731;-1.139434283;0;0;0;0;0;0;0
381;2016;565;0.34;0;6.336825731;-1.078809661;0;0;0;0;0;0;0
382;2016;565;0.47;0;6.336825731;-0.755022584;0;0;0;0;0;0;0
383;2016;565;0.72;0;6.336825731;-0.328504067;0;0;0;0;0;0;0
384;2016;565;0.42;0;6.336825731;-0.867500568;0;0;0;0;0;0;0
385;2016;565;0.98;0;6.336825731;-0.020202707;0;0;0;0;0;0;0
386;2016;565;0.44;0;6.336825731;-0.820980552;0;0;0;0;0;0;0
387;2016;565;0.5;0;6.336825731;-0.693147181;0;0;0;0;0;0;0
388;2016;565;0.18;0;6.336825731;-1.714798428;0;0;0;0;0;0;0
389;2016;565;0.35;0;6.336825731;-1.049822124;0;0;0;0;0;0;0
390;2016;565;0.25;0;6.336825731;-1.386294361;0;0;0;0;0;0;0
391;2016;1226;0.18;0;7.111512116;-1.714798428;0;0;0;0;0;0;0
392;2016;1226;0.14;0;7.111512116;-1.966112856;0;0;0;0;0;0;0
393;2016;1226;0.33;0;7.111512116;-1.108662625;0;0;0;0;0;0;0
394;2016;1226;0.64;0;7.111512116;-0.446287103;0;0;0;0;0;0;0
395;2016;1226;0.49;0;7.111512116;-0.713349888;0;0;0;0;0;0;0
396;2016;1226;0.53;0;7.111512116;-0.634878272;0;0;0;0;0;0;0
397;2016;1226;1;0;7.111512116;0;0;0;0;0;0;0;0
398;2016;1605;0.23;0;7.380879036;-1.46967597;0;0;0;0;0;0;0
399;2016;8979;0.1;1;9.102643797;-2.302585093;1;1;0;0;0;0;0
400;2016;4702;0.2;0;8.455743229;-1.609437912;0;0;0;0;0;0;0
401;2016;4702;0.55;0;8.455743229;-0.597837001;0;0;0;0;0;0;0
402;2016;4702;0.18;0;8.455743229;-1.714798428;0;0;0;0;0;0;0
403;2016;2828;0.63;0;7.947325027;-0.46203546;0;0;0;0;0;0;0
404;2016;2828;0.33;0;7.947325027;-1.108662625;0;0;0;0;0;0;0
405;2016;2828;0.19;0;7.947325027;-1.660731207;0;1;0;0;0;0;0
406;2016;2828;0.99;1;7.947325027;-0.010050336;0;1;0;0;0;1;0
407;2016;2828;0.14;0;7.947325027;-1.966112856;0;1;0;0;0;0;0
408;2016;2251;0.41;2;7.719129841;-0.891598119;0;0;0;0;0;0;0
409;2016;2251;0.78;2;7.719129841;-0.248461359;0;1;0;0;0;0;0
410;2016;2251;0.22;0;7.719129841;-1.514127733;0;1;0;0;0;0;0
411;2016;2251;0.13;0;7.719129841;-2.040220829;0;1;0;0;0;0;0
412;2016;2251;0.42;1;7.719129841;-0.867500568;0;1;0;0;0;0;0
413;2016;2251;0.55;0;7.719129841;-0.597837001;0;1;0;0;0;0;0
414;2016;2193;0.63;1;7.693025748;-0.46203546;0;1;0;0;1;0;0
415;2016;2193;0.29;1;7.693025748;-1.237874356;0;1;0;0;0;0;0
416;2016;2193;0.32;0;7.693025748;-1.139434283;0;0;0;0;0;0;0
417;2016;2193;0.13;0;7.693025748;-2.040220829;0;0;0;0;0;0;0
418;2016;2193;0.12;0;7.693025748;-2.120263536;0;0;0;0;0;0;0
419;2016;2193;0.16;1;7.693025748;-1.832581464;0;1;0;0;0;0;0
420;2016;2193;0.62;1;7.693025748;-0.478035801;0;1;0;1;0;0;0
421;2016;2193;0.93;1;7.693025748;-0.072570693;0;1;0;0;0;0;0
422;2016;2193;0.32;0;7.693025748;-1.139434283;0;1;0;0;0;0;0
423;2016;2193;0.15;0;7.693025748;-1.897119985;0;1;0;0;0;0;0
424;2016;2193;0.52;1;7.693025748;-0.653926467;0;1;0;0;0;1;0
425;2016;2193;0.1;1;7.693025748;-2.302585093;0;1;0;0;0;0;0
426;2016;2193;0.13;0;7.693025748;-2.040220829;0;1;0;0;0;0;0
427;2016;2193;0.24;0;7.693025748;-1.427116356;0;1;0;0;0;0;0
428;2016;1722;0.15;0;7.451241685;-1.897119985;0;1;0;0;0;0;0
429;2016;1722;0.11;0;7.451241685;-2.207274913;0;0;0;0;0;0;0
430;2016;1722;0.41;0;7.451241685;-0.891598119;0;0;0;0;0;0;0
431;2016;1722;0.14;0;7.451241685;-1.966112856;0;0;0;0;0;0;0
432;2016;1722;0.26;1;7.451241685;-1.347073648;0;0;1;0;0;0;0
433;2016;1722;0.48;2;7.451241685;-0.733969175;0;0;0;1;0;1;0
434;2016;1722;0.25;0;7.451241685;-1.386294361;0;0;0;0;0;0;0
435;2016;1722;0.61;1;7.451241685;-0.494296322;0;0;0;0;0;0;0
436;2016;1722;0.4;0;7.451241685;-0.916290732;0;1;0;0;0;0;0
437;2016;1722;0.28;0;7.451241685;-1.272965676;0;0;0;0;0;0;0
438;2016;1722;0.45;0;7.451241685;-0.798507696;0;1;0;0;0;0;0
439;2016;1722;0.68;0;7.451241685;-0.385662481;0;1;0;0;0;0;0
440;2016;1722;0.12;0;7.451241685;-2.120263536;0;1;0;0;0;0;0
441;2016;1722;0.18;0;7.451241685;-1.714798428;0;1;0;0;0;0;0
442;2016;1722;0.24;0;7.451241685;-1.427116356;0;1;0;0;0;0;0
443;2016;1722;0.31;0;7.451241685;-1.171182982;0;1;0;0;0;0;0
444;2016;1722;0.14;0;7.451241685;-1.966112856;0;1;0;0;0;0;0
445;2016;1387;0.3;0;7.23489842;-1.203972804;0;1;0;0;0;0;0
446;2016;1387;0.76;0;7.23489842;-0.274436846;0;1;0;0;0;0;0
447;2016;1387;0.78;0;7.23489842;-0.248461359;0;1;0;0;0;0;0
448;2016;1188;0.26;0;7.0800265;-1.347073648;0;1;0;0;0;0;0
449;2016;569;0.61;0;6.343880434;-0.494296322;0;1;0;0;0;0;0
450;2016;569;0.22;0;6.343880434;-1.514127733;0;1;0;0;0;0;0
451;2016;569;0.15;1;6.343880434;-1.897119985;0;1;0;0;0;0;0
452;2016;569;1;0;6.343880434;0;0;1;0;0;0;0;0
453;2016;569;0.19;0;6.343880434;-1.660731207;0;0;0;0;0;0;0
454;2016;569;0.11;0;6.343880434;-2.207274913;0;1;0;0;0;0;0
455;2016;569;0.47;0;6.343880434;-0.755022584;0;1;0;0;0;0;0
456;2016;569;0.14;0;6.343880434;-1.966112856;0;1;0;0;0;0;0
457;2016;569;0.15;0;6.343880434;-1.897119985;0;1;0;0;0;0;0
458;2016;569;0.59;0;6.343880434;-0.527632742;0;1;0;0;0;0;0
459;2016;569;0.1;0;6.343880434;-2.302585093;0;0;0;0;0;0;0
460;2016;569;0.31;0;6.343880434;-1.171182982;0;1;0;0;0;0;0
461;2016;569;0.23;1;6.343880434;-1.46967597;0;1;0;0;0;0;0
462;2016;486;0.11;0;6.186208624;-2.207274913;0;1;0;0;0;0;0
463;2016;486;0.71;0;6.186208624;-0.342490309;0;1;0;0;0;0;0
464;2016;486;0.24;0;6.186208624;-1.427116356;0;1;0;0;0;0;0
465;2016;486;0.66;0;6.186208624;-0.415515444;0;1;0;0;0;0;0
466;2016;486;0.62;0;6.186208624;-0.478035801;0;1;0;0;0;0;0
467;2016;486;0.15;0;6.186208624;-1.897119985;0;1;0;0;0;0;0
468;2016;486;0.34;0;6.186208624;-1.078809661;0;1;0;0;0;0;0
469;2016;486;0.51;0;6.186208624;-0.673344553;0;1;0;0;0;0;0
470;2016;486;0.29;0;6.186208624;-1.237874356;0;1;0;0;0;0;0
471;2016;486;0.91;0;6.186208624;-0.094310679;0;1;0;0;0;0;0
472;2016;486;0.73;0;6.186208624;-0.314710745;0;1;0;0;0;0;0
473;2016;557;0.88;0;6.32256524;-0.127833372;0;1;0;0;0;0;0
474;2016;557;0.84;0;6.32256524;-0.174353387;0;1;0;0;0;0;0
475;2016;557;0.36;0;6.32256524;-1.021651248;0;1;0;0;0;0;0
476;2016;557;0.21;0;6.32256524;-1.560647748;0;0;0;0;0;0;0
477;2016;557;0.56;1;6.32256524;-0.579818495;0;1;0;0;0;0;0
478;2016;557;0.42;0;6.32256524;-0.867500568;0;1;0;0;0;0;0
479;2016;557;0.27;0;6.32256524;-1.30933332;0;1;0;0;0;0;0
480;2016;557;0.5;0;6.32256524;-0.693147181;0;0;0;0;0;0;0
481;2016;557;0.24;0;6.32256524;-1.427116356;0;0;0;0;0;0;0
482;2016;557;0.54;0;6.32256524;-0.616186139;0;0;0;0;0;0;0
483;2016;557;0.17;0;6.32256524;-1.771956842;0;0;0;0;0;0;0
484;2016;557;0.34;1;6.32256524;-1.078809661;0;0;0;0;0;0;0
485;2016;557;0.44;1;6.32256524;-0.820980552;0;0;0;0;0;0;0
486;2016;557;0.33;0;6.32256524;-1.108662625;0;0;0;0;0;0;0
487;2016;557;0.57;0;6.32256524;-0.562118918;0;0;0;0;0;0;0
488;2016;557;0.34;1;6.32256524;-1.078809661;0;0;0;0;0;0;0
489;2016;557;0.91;1;6.32256524;-0.094310679;0;1;0;0;0;0;0
490;2016;1319;0.57;0;7.184629153;-0.562118918;0;1;0;0;0;0;0
491;2016;1319;0.21;0;7.184629153;-1.560647748;0;1;0;0;0;0;0
492;2016;1319;0.23;0;7.184629153;-1.46967597;0;1;0;0;0;0;0
493;2016;1319;0.28;0;7.184629153;-1.272965676;0;1;0;0;0;0;0
494;2016;1319;0.89;3;7.184629153;-0.116533816;0;1;0;0;1;0;0
495;2016;1319;0.47;0;7.184629153;-0.755022584;0;0;0;0;0;0;0
496;2016;1319;0.4;1;7.184629153;-0.916290732;0;0;0;0;0;0;0
497;2016;1319;0.11;0;7.184629153;-2.207274913;0;0;0;0;0;0;0
498;2016;1319;0.67;0;7.184629153;-0.400477567;0;1;0;0;0;0;0
499;2016;1319;0.8;1;7.184629153;-0.223143551;0;1;0;0;0;0;0
500;2016;1319;0.19;0;7.184629153;-1.660731207;0;1;0;0;0;0;0
501;2016;2253;0.15;0;7.72001794;-1.897119985;0;1;0;0;0;0;0
502;2016;8771;0.94;2;9.079206104;-0.061875404;1;1;0;0;0;0;0
503;2016;3789;0.84;0;8.239857411;-0.174353387;1;1;0;0;0;0;0
504;2016;3789;0.61;0;8.239857411;-0.494296322;1;1;0;0;0;0;0
505;2016;3789;0.5;0;8.239857411;-0.693147181;1;1;0;0;0;0;0
507;2016;18391;0.47;7;9.819616693;-0.755022584;1;0;0;0;0;0;1
1;2017;7778;0.43;0;8.959054515;-0.84397007;1;0;0;0;0;0;0
2;2017;7778;0.38;0;8.959054515;-0.967584026;1;0;0;0;0;0;0
3;2017;7778;0.63;0;8.959054515;-0.46203546;1;0;0;0;0;0;0
4;2017;7778;0.14;2;8.959054515;-1.966112856;1;0;0;0;0;0;0
5;2017;7778;0.45;1;8.959054515;-0.798507696;1;0;0;0;0;0;0
6;2017;7778;0.21;0;8.959054515;-1.560647748;1;0;0;0;0;0;0
7;2017;7778;0.35;1;8.959054515;-1.049822124;1;0;0;0;0;0;0
8;2017;7778;0.16;0;8.959054515;-1.832581464;1;0;0;0;0;0;0
9;2017;7778;0.26;0;8.959054515;-1.347073648;1;1;0;0;0;0;0
10;2017;6985;0.2;0;8.851520272;-1.609437912;1;0;0;0;0;0;0
11;2017;6985;0.17;1;8.851520272;-1.771956842;1;0;0;0;1;0;0
12;2017;6985;0.13;0;8.851520272;-2.040220829;1;0;0;0;0;0;0
13;2017;2156;0.12;0;7.676009932;-2.120263536;1;0;0;0;0;0;0
14;2017;2156;0.57;0;7.676009932;-0.562118918;1;1;0;0;0;0;0
15;2017;2156;0.86;0;7.676009932;-0.15082289;1;1;0;0;0;0;0
16;2017;2156;0.76;1;7.676009932;-0.274436846;1;1;0;0;0;0;0
17;2017;2156;0.81;3;7.676009932;-0.210721031;1;1;0;0;0;0;0
18;2017;2156;0.14;0;7.676009932;-1.966112856;1;0;0;0;0;0;0
19;2017;2156;0.23;0;7.676009932;-1.46967597;1;1;0;0;0;0;0
20;2017;2156;0.15;0;7.676009932;-1.897119985;1;1;0;0;0;0;0
21;2017;2156;0.13;0;7.676009932;-2.040220829;1;1;0;0;0;0;0
22;2017;2156;0.65;0;7.676009932;-0.430782916;1;1;0;0;0;0;0
23;2017;2156;0.38;1;7.676009932;-0.967584026;1;1;0;0;0;0;0
24;2017;2156;0.11;0;7.676009932;-2.207274913;1;1;0;0;0;0;0
25;2017;2156;0.32;0;7.676009932;-1.139434283;1;0;0;0;0;0;0
26;2017;2156;0.4;0;7.676009932;-0.916290732;1;0;0;0;0;0;0
27;2017;1967;0.16;0;7.584264818;-1.832581464;1;0;0;0;0;0;0
28;2017;1003;0.33;0;6.910750788;-1.108662625;1;0;0;0;0;0;0
29;2017;1003;0.69;0;6.910750788;-0.371063681;1;0;0;0;0;0;0
30;2017;1003;0.49;0;6.910750788;-0.713349888;1;0;0;0;0;0;0
31;2017;1003;0.5;0;6.910750788;-0.693147181;1;0;0;0;0;0;0
32;2017;1003;0.23;0;6.910750788;-1.46967597;1;0;0;0;0;0;0
33;2017;1003;0.36;0;6.910750788;-1.021651248;1;0;0;0;0;0;0
34;2017;1003;0.52;0;6.910750788;-0.653926467;1;0;0;0;0;0;0
35;2017;1003;0.39;0;6.910750788;-0.94160854;1;0;0;0;0;0;0
36;2017;1003;0.95;0;6.910750788;-0.051293294;1;0;0;0;0;0;0
37;2017;1003;0.94;0;6.910750788;-0.061875404;1;0;0;0;0;0;0
38;2017;1003;0.95;0;6.910750788;-0.051293294;1;0;0;0;0;0;0
39;2017;1003;0.95;0;6.910750788;-0.051293294;1;0;0;0;0;0;0
40;2017;1003;0.97;0;6.910750788;-0.030459207;1;0;0;0;0;0;0
41;2017;1003;0.95;0;6.910750788;-0.051293294;1;0;0;0;0;0;0
42;2017;833;0.91;0;6.725033642;-0.094310679;1;0;0;0;0;0;0
43;2017;833;0.97;0;6.725033642;-0.030459207;1;0;0;0;0;0;0
44;2017;833;0.38;0;6.725033642;-0.967584026;1;0;0;0;0;0;0
45;2017;833;0.59;0;6.725033642;-0.527632742;1;0;0;0;0;0;0
46;2017;833;0.46;1;6.725033642;-0.776528789;1;0;0;0;0;0;0
47;2017;833;0.1;0;6.725033642;-2.302585093;1;0;0;0;0;0;0
48;2017;687;0.31;0;6.532334292;-1.171182982;1;0;0;0;0;0;0
49;2017;687;0.6;1;6.532334292;-0.510825624;1;1;0;0;0;0;0
50;2017;687;0.93;0;6.532334292;-0.072570693;1;0;0;0;0;0;0
51;2017;687;0.24;0;6.532334292;-1.427116356;1;0;0;0;0;0;0
52;2017;687;0.58;0;6.532334292;-0.544727175;1;0;0;0;0;0;0
53;2017;687;0.13;1;6.532334292;-2.040220829;1;0;0;0;0;0;0
54;2017;687;0.56;0;6.532334292;-0.579818495;1;0;0;0;0;0;0
55;2017;687;0.29;0;6.532334292;-1.237874356;1;0;0;0;0;0;0
56;2017;687;0.75;0;6.532334292;-0.287682072;1;0;0;0;0;0;0
57;2017;695;0.78;0;6.543911846;-0.248461359;1;0;0;0;0;0;0
58;2017;695;0.32;0;6.543911846;-1.139434283;1;0;0;0;0;0;0
59;2017;695;0.55;0;6.543911846;-0.597837001;1;0;0;0;0;0;0
60;2017;695;0.58;0;6.543911846;-0.544727175;1;0;0;0;0;0;0
61;2017;695;0.28;1;6.543911846;-1.272965676;1;0;0;0;0;0;0
62;2017;695;0.77;0;6.543911846;-0.261364764;1;0;0;0;0;0;0
63;2017;695;0.76;0;6.543911846;-0.274436846;1;0;0;0;0;0;0
64;2017;695;0.17;0;6.543911846;-1.771956842;1;0;0;0;0;0;0
65;2017;695;0.17;0;6.543911846;-1.771956842;1;0;0;0;0;0;0
66;2017;1272;0.38;0;7.148345744;-0.967584026;1;0;0;0;0;0;0
67;2017;2208;0.16;0;7.699842407;-1.832581464;1;0;0;0;0;0;0
68;2017;2270;0.24;0;7.72753511;-1.427116356;1;0;0;0;0;0;0
69;2017;2423;0.26;0;7.792761721;-1.347073648;1;0;0;0;0;0;0
70;2017;2423;0.28;0;7.792761721;-1.272965676;1;1;0;0;0;0;0
72;2017;2423;0.12;0;7.792761721;-2.120263536;1;0;0;0;0;0;0
73;2017;2423;0.19;0;7.792761721;-1.660731207;1;0;0;0;0;0;0
74;2017;2423;0.21;1;7.792761721;-1.560647748;1;0;0;0;0;0;0
75;2017;2423;0.4;1;7.792761721;-0.916290732;1;0;0;1;0;0;0
76;2017;2423;0.39;0;7.792761721;-0.94160854;1;0;0;0;0;0;0
77;2017;1045;0.82;0;6.951772164;-0.198450939;1;0;0;0;0;0;0
78;2017;1045;0.94;0;6.951772164;-0.061875404;1;0;0;0;0;0;0
79;2017;1045;0.26;0;6.951772164;-1.347073648;1;0;0;0;0;0;0
80;2017;1045;0.64;0;6.951772164;-0.446287103;1;0;0;0;0;0;0
81;2017;1045;0.24;0;6.951772164;-1.427116356;1;0;0;0;0;0;0
82;2017;1045;0.16;0;6.951772164;-1.832581464;1;0;0;0;0;0;0
83;2017;1045;0.24;0;6.951772164;-1.427116356;1;0;0;0;0;0;0
84;2017;1045;0.11;0;6.951772164;-2.207274913;1;1;0;0;0;0;0
85;2017;1045;0.46;0;6.951772164;-0.776528789;1;0;0;0;0;0;0
86;2017;1045;1;0;6.951772164;0;1;0;0;0;0;0;0
87;2017;1045;0.51;0;6.951772164;-0.673344553;1;0;0;0;0;0;0
88;2017;1045;0.6;0;6.951772164;-0.510825624;1;0;0;0;0;0;0
89;2017;1081;0.18;0;6.985641818;-1.714798428;1;1;0;0;0;0;0
90;2017;1081;0.88;0;6.985641818;-0.127833372;1;1;0;0;0;0;0
91;2017;1081;0.99;1;6.985641818;-0.010050336;1;1;0;0;0;0;0
92;2017;1081;0.13;0;6.985641818;-2.040220829;1;1;0;0;0;0;0
93;2017;1081;0.19;0;6.985641818;-1.660731207;1;1;0;0;0;0;0
94;2017;1081;0.11;0;6.985641818;-2.207274913;1;1;0;0;0;0;0
95;2017;1223;0.46;0;7.109062136;-0.776528789;1;1;0;0;0;0;0
96;2017;1223;0.7;0;7.109062136;-0.356674944;1;1;0;0;0;0;0
97;2017;1223;0.15;0;7.109062136;-1.897119985;1;1;0;0;0;0;0
98;2017;1223;0.31;0;7.109062136;-1.171182982;1;1;0;0;0;0;0
99;2017;1223;0.51;1;7.109062136;-0.673344553;1;1;0;0;1;0;0
100;2017;3221;0.19;0;8.077447149;-1.660731207;1;1;0;0;0;0;0
101;2017;3221;0.15;0;8.077447149;-1.897119985;1;1;0;0;0;0;0
102;2017;3708;0.16;0;8.218247927;-1.832581464;1;0;0;0;0;0;0
103;2017;3708;0.2;0;8.218247927;-1.609437912;1;0;0;0;0;0;0
104;2017;3027;0.77;2;8.015327309;-0.261364764;1;0;0;0;0;0;0
105;2017;3027;0.19;0;8.015327309;-1.660731207;1;0;0;0;0;0;0
106;2017;3027;0.56;0;8.015327309;-0.579818495;1;0;0;0;0;0;0
107;2017;3059;0.38;1;8.025843344;-0.967584026;1;0;0;0;1;0;0
108;2017;3059;0.1;0;8.025843344;-2.302585093;1;0;0;0;0;0;0
109;2017;3059;0.12;0;8.025843344;-2.120263536;1;1;0;0;0;0;0
110;2017;2672;0.28;0;7.890582535;-1.272965676;1;1;0;0;0;0;0
111;2017;2672;0.12;0;7.890582535;-2.120263536;1;1;0;0;0;0;0
112;2017;2672;0.15;0;7.890582535;-1.897119985;1;1;0;0;0;0;0
113;2017;2672;0.77;0;7.890582535;-0.261364764;1;0;0;0;0;0;0
114;2017;2672;0.94;1;7.890582535;-0.061875404;1;0;0;0;0;0;0
115;2017;2672;1;1;7.890582535;0;1;0;0;0;0;0;0
116;2017;2672;0.55;2;7.890582535;-0.597837001;1;0;0;0;2;0;0
117;2017;2672;0.45;0;7.890582535;-0.798507696;1;0;0;0;0;0;0
118;2017;2672;0.54;0;7.890582535;-0.616186139;1;0;0;0;0;0;0
119;2017;2672;0.24;0;7.890582535;-1.427116356;1;0;0;0;0;0;0
120;2017;3019;0.8;0;8.01268093;-0.223143551;1;0;0;0;0;0;0
121;2017;6360;0.14;0;8.757783656;-1.966112856;1;0;0;0;0;0;0
122;2017;5160;0.26;0;8.548691858;-1.347073648;1;0;0;0;0;0;0
123;2017;5160;1;0;8.548691858;0;1;0;0;0;0;0;0
124;2017;5160;1;1;8.548691858;0;1;0;0;0;0;1;0
125;2017;4652;0.56;0;8.445052514;-0.579818495;1;0;0;0;0;0;0
126;2017;4888;0.83;0;8.494538501;-0.186329578;1;0;0;0;0;0;0
127;2017;4888;0.11;0;8.494538501;-2.207274913;1;0;0;0;0;0;0
128;2017;4888;0.57;0;8.494538501;-0.562118918;1;0;0;0;0;0;0
129;2017;4888;0.21;0;8.494538501;-1.560647748;1;0;0;0;0;0;0
130;2017;4888;0.53;0;8.494538501;-0.634878272;1;0;0;0;0;0;0
131;2017;4888;0.27;0;8.494538501;-1.30933332;1;1;0;0;0;0;0
132;2017;6587;0.22;0;8.792853289;-1.514127733;1;0;0;0;0;0;0
133;2017;6587;0.38;0;8.792853289;-0.967584026;1;0;0;0;0;0;0
134;2017;6587;0.54;0;8.792853289;-0.616186139;1;0;0;0;0;0;0
135;2017;6587;0.14;1;8.792853289;-1.966112856;1;0;0;0;0;0;0
136;2017;6587;0.21;0;8.792853289;-1.560647748;1;0;0;0;0;0;0
137;2017;6587;0.14;0;8.792853289;-1.966112856;1;0;0;0;0;0;0
138;2017;6587;0.7;0;8.792853289;-0.356674944;1;0;0;0;0;0;0
139;2017;6587;0.52;1;8.792853289;-0.653926467;1;0;0;0;0;0;0
140;2017;6587;0.57;0;8.792853289;-0.562118918;1;0;0;0;0;0;0
141;2017;6587;0.14;2;8.792853289;-1.966112856;1;0;0;0;0;0;0
142;2017;6587;0.1;0;8.792853289;-2.302585093;1;0;0;0;0;0;0
143;2017;6451;0.15;0;8.771990437;-1.897119985;1;0;0;0;0;0;0
144;2017;7091;0.99;0;8.866581653;-0.010050336;1;0;0;0;0;0;0
145;2017;7091;0.13;0;8.866581653;-2.040220829;1;0;0;0;0;0;0
146;2017;7091;0.12;0;8.866581653;-2.120263536;1;0;0;0;0;0;0
147;2017;7091;0.42;0;8.866581653;-0.867500568;1;1;0;0;0;0;0
148;2017;7091;0.15;0;8.866581653;-1.897119985;1;1;0;0;0;0;0
149;2017;9046;0.21;1;9.11007795;-1.560647748;1;1;0;0;0;0;0
150;2017;9046;0.13;1;9.11007795;-2.040220829;1;0;0;0;0;0;0
151;2017;9046;0.17;0;9.11007795;-1.771956842;1;0;0;0;0;0;0
152;2017;9046;0.51;0;9.11007795;-0.673344553;1;0;0;0;0;0;0
153;2017;9046;0.8;1;9.11007795;-0.223143551;1;0;0;0;0;0;0
154;2017;13013;0.24;3;9.473704137;-1.427116356;0;1;0;0;0;0;1
155;2017;13013;0.32;0;9.473704137;-1.139434283;0;0;0;0;0;0;1
156;2017;13013;0.29;3;9.473704137;-1.237874356;0;1;0;0;0;0;1
157;2017;13013;0.18;4;9.473704137;-1.714798428;0;1;0;0;0;0;1
158;2017;13013;0.13;2;9.473704137;-2.040220829;0;1;0;0;0;0;1
159;2017;10103;0.57;3;9.220587688;-0.562118918;0;1;0;0;0;0;1
160;2017;10103;0.99;1;9.220587688;-0.010050336;0;1;0;0;0;0;1
161;2017;7836;0.22;0;8.966483779;-1.514127733;0;1;0;0;0;0;0
162;2017;7836;0.28;1;8.966483779;-1.272965676;0;1;0;0;0;0;0
163;2017;7836;0.67;1;8.966483779;-0.400477567;0;1;0;0;0;0;0
164;2017;7836;0.15;0;8.966483779;-1.897119985;0;1;0;0;0;0;0
165;2017;7836;0.42;0;8.966483779;-0.867500568;0;1;0;0;0;0;0
166;2017;7836;0.19;0;8.966483779;-1.660731207;0;1;0;0;0;0;0
167;2017;7836;0.64;0;8.966483779;-0.446287103;0;1;0;0;0;0;0
168;2017;7836;0.3;1;8.966483779;-1.203972804;0;1;0;0;0;0;0
169;2017;7836;0.2;0;8.966483779;-1.609437912;0;1;0;0;0;0;0
170;2017;8076;0.51;1;8.996651979;-0.673344553;0;1;0;0;1;0;0
171;2017;7719;0.36;0;8.951440101;-1.021651248;0;1;0;0;0;0;0
172;2017;7719;0.29;2;8.951440101;-1.237874356;0;1;1;0;0;0;0
173;2017;7719;0.29;0;8.951440101;-1.237874356;0;1;0;0;0;0;0
174;2017;7719;0.22;1;8.951440101;-1.514127733;0;1;0;0;0;0;0
175;2017;7719;0.56;2;8.951440101;-0.579818495;0;1;0;1;0;1;0
176;2017;7719;0.21;1;8.951440101;-1.560647748;0;1;0;0;0;0;0
177;2017;7719;0.95;2;8.951440101;-0.051293294;0;1;0;0;0;0;0
178;2017;7719;0.96;4;8.951440101;-0.040821995;0;1;0;0;0;0;0
179;2017;7719;0.34;2;8.951440101;-1.078809661;0;1;0;0;0;0;0
180;2017;9832;0.35;2;9.193397651;-1.049822124;0;0;0;0;0;0;0
181;2017;10971;0.1;3;9.303010707;-2.302585093;0;0;0;0;0;0;1
182;2017;12300;0.12;2;9.417354541;-2.120263536;0;0;0;0;0;0;1
183;2017;11496;0.12;3;9.349754428;-2.120263536;0;0;0;0;0;0;1
184;2017;8522;0.12;2;9.050406334;-2.120263536;0;1;0;0;0;0;0
185;2017;8522;0.5;1;9.050406334;-0.693147181;0;1;0;0;0;0;0
186;2017;8522;0.17;0;9.050406334;-1.771956842;0;1;0;0;0;0;0
187;2017;8522;0.17;0;9.050406334;-1.771956842;0;1;0;0;0;0;0
188;2017;8522;0.13;0;9.050406334;-2.040220829;0;1;0;0;0;0;0
189;2017;8522;0.13;0;9.050406334;-2.040220829;0;1;0;0;0;0;0
190;2017;8522;0.15;0;9.050406334;-1.897119985;0;1;0;0;0;0;0
191;2017;8522;0.27;1;9.050406334;-1.30933332;0;1;0;0;0;0;0
192;2017;11339;0.34;1;9.33600339;-1.078809661;0;1;0;0;0;0;1
193;2017;11339;0.11;1;9.33600339;-2.207274913;0;1;0;0;0;0;1
194;2017;11339;0.54;5;9.33600339;-0.616186139;0;1;0;0;0;0;1
195;2017;11339;0.14;0;9.33600339;-1.966112856;0;1;0;0;0;0;1
196;2017;11339;0.31;2;9.33600339;-1.171182982;0;1;0;0;0;0;1
197;2017;16201;0.34;5;9.692828248;-1.078809661;0;1;0;0;0;0;1
199;2017;16201;0.14;3;9.692828248;-1.966112856;0;1;0;0;0;0;1
200;2017;16201;0.2;1;9.692828248;-1.609437912;0;1;0;0;0;0;1
201;2017;16201;0.14;3;9.692828248;-1.966112856;0;1;0;0;0;0;1
203;2017;19193;0.19;2;9.862300908;-1.660731207;0;1;0;0;0;0;1
205;2017;14322;0.12;5;9.569552096;-2.120263536;0;1;0;0;0;0;1
206;2017;14322;0.52;2;9.569552096;-0.653926467;0;1;0;0;0;0;1
207;2017;17935;0.18;2;9.79450939;-1.714798428;0;1;0;0;0;0;1
208;2017;17935;0.15;2;9.79450939;-1.897119985;0;0;0;0;0;0;1
209;2017;17935;0.14;1;9.79450939;-1.966112856;0;0;0;0;0;0;1
210;2017;17935;0.26;4;9.79450939;-1.347073648;0;0;0;1;1;0;1
211;2017;2579;0.71;0;7.855157006;-0.342490309;0;1;0;0;0;0;0
212;2017;2579;0.15;0;7.855157006;-1.897119985;0;1;0;0;0;0;0
213;2017;2579;0.42;0;7.855157006;-0.867500568;0;1;0;0;0;0;0
214;2017;2579;0.8;0;7.855157006;-0.223143551;0;1;0;0;0;0;0
215;2017;2579;0.25;0;7.855157006;-1.386294361;0;1;0;0;0;0;0
216;2017;2579;0.12;0;7.855157006;-2.120263536;0;1;0;0;0;0;0
217;2017;2579;0.42;0;7.855157006;-0.867500568;0;1;0;0;0;0;0
218;2017;2579;0.88;0;7.855157006;-0.127833372;0;1;0;0;0;0;0
219;2017;2579;0.28;0;7.855157006;-1.272965676;0;1;0;0;0;0;0
220;2017;2579;0.74;1;7.855157006;-0.301105093;0;1;0;0;1;0;0
221;2017;2579;0.35;0;7.855157006;-1.049822124;0;1;0;0;0;0;0
222;2017;2579;0.51;0;7.855157006;-0.673344553;0;1;0;0;0;0;0
223;2017;2579;0.21;0;7.855157006;-1.560647748;0;1;0;0;0;0;0
224;2017;2579;0.12;0;7.855157006;-2.120263536;0;1;0;0;0;0;0
225;2017;2673;0.13;0;7.890956716;-2.040220829;0;1;0;0;0;0;0
226;2017;1483;0.19;0;7.301822342;-1.660731207;0;1;0;0;0;0;0
227;2017;1483;0.11;0;7.301822342;-2.207274913;0;1;0;0;0;0;0
228;2017;1483;0.27;0;7.301822342;-1.30933332;0;1;0;0;0;0;0
229;2017;1483;0.55;0;7.301822342;-0.597837001;0;1;0;0;0;0;0
230;2017;1483;0.57;1;7.301822342;-0.562118918;0;1;0;0;0;0;0
231;2017;1344;0.51;0;7.203405521;-0.673344553;0;1;0;0;0;0;0
232;2017;1344;0.22;0;7.203405521;-1.514127733;0;1;0;0;0;0;0
233;2017;1344;0.11;0;7.203405521;-2.207274913;0;1;0;0;0;0;0
234;2017;1344;0.11;0;7.203405521;-2.207274913;0;0;0;0;0;0;0
235;2017;1344;0.12;0;7.203405521;-2.120263536;0;0;0;0;0;0;0
236;2017;1344;0.46;0;7.203405521;-0.776528789;0;1;0;0;0;0;0
237;2017;1344;0.23;0;7.203405521;-1.46967597;0;1;0;0;0;0;0
238;2017;1344;0.12;0;7.203405521;-2.120263536;0;1;0;0;0;0;0
239;2017;929;0.3;0;6.834108739;-1.203972804;0;1;0;0;0;0;0
240;2017;929;0.18;0;6.834108739;-1.714798428;0;1;0;0;0;0;0
241;2017;929;0.44;0;6.834108739;-0.820980552;0;1;0;0;0;0;0
242;2017;929;0.73;1;6.834108739;-0.314710745;0;1;0;0;1;0;0
243;2017;929;0.48;0;6.834108739;-0.733969175;0;1;0;0;0;0;0
244;2017;929;0.19;0;6.834108739;-1.660731207;0;1;0;0;0;0;0
245;2017;929;0.21;0;6.834108739;-1.560647748;0;1;0;0;0;0;0
246;2017;929;0.38;0;6.834108739;-0.967584026;0;1;0;0;0;0;0
247;2017;929;0.13;0;6.834108739;-2.040220829;0;0;0;0;0;0;0
248;2017;929;0.14;0;6.834108739;-1.966112856;0;0;0;0;0;0;0
249;2017;929;0.11;0;6.834108739;-2.207274913;0;0;0;0;0;0;0
250;2017;1187;0.27;0;7.079184395;-1.30933332;0;1;0;0;0;0;0
251;2017;1187;0.33;0;7.079184395;-1.108662625;0;1;0;0;0;0;0
252;2017;1187;0.19;0;7.079184395;-1.660731207;0;1;0;0;0;0;0
253;2017;590;0.27;0;6.380122537;-1.30933332;0;1;0;0;0;0;0
254;2017;590;0.74;0;6.380122537;-0.301105093;0;1;0;0;0;0;0
255;2017;464;0.36;0;6.139884552;-1.021651248;0;1;0;0;0;0;0
256;2017;464;0.17;0;6.139884552;-1.771956842;0;1;0;0;0;0;0
257;2017;464;0.76;0;6.139884552;-0.274436846;0;1;0;0;0;0;0
258;2017;464;0.51;0;6.139884552;-0.673344553;0;1;0;0;0;0;0
259;2017;464;0.7;0;6.139884552;-0.356674944;0;1;0;0;0;0;0
260;2017;1110;0.1;0;7.012115294;-2.302585093;0;1;0;0;0;0;0
261;2017;770;1;0;6.646390515;0;0;1;0;0;0;0;0
262;2017;770;1;0;6.646390515;0;0;1;0;0;0;0;0
263;2017;770;0.12;0;6.646390515;-2.120263536;0;1;0;0;0;0;0
264;2017;770;0.1;0;6.646390515;-2.302585093;0;1;0;0;0;0;0
265;2017;770;0.76;1;6.646390515;-0.274436846;0;1;0;0;0;0;0
266;2017;770;0.97;0;6.646390515;-0.030459207;0;1;0;0;0;0;0
267;2017;770;0.72;1;6.646390515;-0.328504067;0;1;0;0;0;1;0
268;2017;770;0.56;0;6.646390515;-0.579818495;0;1;0;0;0;0;0
269;2017;770;0.58;0;6.646390515;-0.544727175;0;1;0;0;0;0;0
270;2017;770;0.34;0;6.646390515;-1.078809661;0;1;0;0;0;0;0
271;2017;770;0.8;1;6.646390515;-0.223143551;0;1;0;0;0;0;0
272;2017;770;0.24;0;6.646390515;-1.427116356;0;1;0;0;0;0;0
273;2017;845;0.27;1;6.739336627;-1.30933332;0;1;0;0;0;0;0
274;2017;845;0.16;0;6.739336627;-1.832581464;0;0;0;0;0;0;0
275;2017;1680;0.83;0;7.426549072;-0.186329578;0;1;0;0;0;0;0
276;2017;1680;0.28;0;7.426549072;-1.272965676;0;1;0;0;0;0;0
277;2017;1680;0.76;0;7.426549072;-0.274436846;0;1;0;0;0;0;0
278;2017;1680;0.12;0;7.426549072;-2.120263536;0;0;0;0;0;0;0
279;2017;4451;0.73;1;8.400884069;-0.314710745;0;0;0;0;0;0;0
280;2017;4451;0.15;0;8.400884069;-1.897119985;0;0;0;0;0;0;0
281;2017;4451;0.77;1;8.400884069;-0.261364764;0;0;0;0;0;1;0
282;2017;4451;0.86;0;8.400884069;-0.15082289;0;0;0;0;0;0;0
283;2017;6378;0.22;0;8.760609848;-1.514127733;0;0;0;0;0;0;0
284;2017;6715;0.2;0;8.812099109;-1.609437912;0;0;0;0;0;0;0
285;2017;6715;0.29;0;8.812099109;-1.237874356;0;0;0;0;0;0;0
286;2017;6715;0.48;1;8.812099109;-0.733969175;0;0;0;0;0;0;0
287;2017;6715;0.18;0;8.812099109;-1.714798428;0;0;0;0;0;0;0
288;2017;6715;0.49;1;8.812099109;-0.713349888;0;0;0;0;1;0;0
289;2017;6301;0.56;0;8.74846363;-0.579818495;0;0;0;0;0;0;0
290;2017;6301;0.31;0;8.74846363;-1.171182982;0;0;0;0;0;0;0
291;2017;6301;0.17;0;8.74846363;-1.771956842;0;0;0;0;0;0;0
292;2017;6301;0.51;2;8.74846363;-0.673344553;0;0;0;1;0;1;0
293;2017;6301;0.61;2;8.74846363;-0.494296322;0;0;0;1;0;0;0
294;2017;4808;0.27;1;8.478036476;-1.30933332;0;0;0;0;0;0;0
295;2017;4808;0.65;1;8.478036476;-0.430782916;0;0;0;0;1;0;0
296;2017;4808;0.85;1;8.478036476;-0.162518929;0;0;0;0;0;0;0
297;2017;4808;0.68;2;8.478036476;-0.385662481;0;0;0;0;1;0;0
298;2017;4808;0.22;1;8.478036476;-1.514127733;0;0;0;0;0;0;0
299;2017;8683;0.84;1;9.06912237;-0.174353387;0;0;0;0;0;0;0
300;2017;8683;0.16;0;9.06912237;-1.832581464;0;0;0;0;0;0;0
301;2017;8683;0.28;0;9.06912237;-1.272965676;0;0;0;0;0;0;0
302;2017;8683;0.27;0;9.06912237;-1.30933332;0;0;0;0;0;0;0
303;2017;8683;0.32;0;9.06912237;-1.139434283;0;0;0;0;0;0;0
304;2017;8683;0.11;1;9.06912237;-2.207274913;0;0;0;0;0;0;0
305;2017;8683;0.24;1;9.06912237;-1.427116356;0;0;0;0;0;0;0
306;2017;8683;0.96;1;9.06912237;-0.040821995;0;0;0;0;0;0;0
308;2017;8624;0.59;2;9.062304293;-0.527632742;0;0;0;0;1;0;0
309;2017;8624;0.66;0;9.062304293;-0.415515444;0;0;0;0;0;0;0
310;2017;8624;0.25;2;9.062304293;-1.386294361;0;0;0;1;0;1;0
311;2017;8624;0.75;1;9.062304293;-0.287682072;0;0;0;0;0;0;0
312;2017;8624;0.87;4;9.062304293;-0.139262067;0;0;0;0;3;0;0
313;2017;8624;0.61;0;9.062304293;-0.494296322;0;0;0;0;0;0;0
314;2017;8624;0.39;2;9.062304293;-0.94160854;0;0;0;0;0;0;0
315;2017;8624;0.68;1;9.062304293;-0.385662481;0;0;0;0;1;0;0
316;2017;8624;0.17;3;9.062304293;-1.771956842;0;0;0;2;2;0;0
317;2017;8624;0.13;0;9.062304293;-2.040220829;0;0;0;0;0;0;0
318;2017;8292;0.19;1;9.023046474;-1.660731207;0;0;0;0;0;0;0
319;2017;8292;0.56;2;9.023046474;-0.579818495;0;0;0;0;1;0;0
320;2017;8292;0.26;2;9.023046474;-1.347073648;0;1;0;0;0;0;0
321;2017;8292;0.43;1;9.023046474;-0.84397007;0;1;0;0;0;0;0
322;2017;8292;0.17;0;9.023046474;-1.771956842;0;0;0;0;0;0;0
323;2017;8292;0.98;4;9.023046474;-0.020202707;0;1;0;1;1;0;0
324;2017;8292;0.35;1;9.023046474;-1.049822124;0;0;0;1;0;0;0
325;2017;8292;0.15;0;9.023046474;-1.897119985;0;0;0;0;0;0;0
326;2017;9438;0.35;0;9.152499372;-1.049822124;0;0;0;0;0;0;0
327;2017;9438;0.46;1;9.152499372;-0.776528789;0;0;0;0;0;0;0
328;2017;5598;1;1;8.63016467;0;0;0;0;0;0;0;0
329;2017;5598;0.26;1;8.63016467;-1.347073648;0;0;0;0;0;0;0
330;2017;5598;0.49;1;8.63016467;-0.713349888;0;0;0;0;0;0;0
332;2017;5598;0.26;0;8.63016467;-1.347073648;0;0;0;0;0;0;0
333;2017;5598;0.5;0;8.63016467;-0.693147181;0;0;0;0;0;0;0
334;2017;5598;0.17;0;8.63016467;-1.771956842;0;0;0;0;0;0;0
335;2017;5598;0.17;0;8.63016467;-1.771956842;0;0;0;0;0;0;0
336;2017;5598;0.37;0;8.63016467;-0.994252273;0;0;0;0;0;0;0
337;2017;5598;0.73;0;8.63016467;-0.314710745;0;0;0;0;0;0;0
338;2017;5598;0.34;0;8.63016467;-1.078809661;0;0;0;0;0;0;0
339;2017;5341;0.36;1;8.58316818;-1.021651248;0;0;0;1;0;0;0
340;2017;5341;0.11;0;8.58316818;-2.207274913;0;0;0;0;0;0;0
341;2017;7894;0.17;0;8.973858256;-1.771956842;0;0;0;0;0;0;0
342;2017;7894;0.32;1;8.973858256;-1.139434283;0;0;0;0;0;0;0
343;2017;7377;0.12;0;8.906122331;-2.120263536;0;0;0;0;0;0;0
344;2017;5719;0.19;0;8.651549244;-1.660731207;0;0;0;0;0;0;0
345;2017;5719;0.13;0;8.651549244;-2.040220829;0;0;0;0;0;0;0
346;2017;5719;0.12;0;8.651549244;-2.120263536;0;0;0;0;0;0;0
347;2017;1374;0.12;0;7.225481473;-2.120263536;0;0;0;0;0;0;0
348;2017;1374;0.2;0;7.225481473;-1.609437912;0;0;0;0;0;0;0
349;2017;1374;0.1;0;7.225481473;-2.302585093;0;0;0;0;0;0;0
350;2017;1374;0.25;0;7.225481473;-1.386294361;0;0;0;0;0;0;0
351;2017;896;0.66;0;6.797940413;-0.415515444;0;0;0;0;0;0;0
352;2017;896;0.17;0;6.797940413;-1.771956842;0;0;0;0;0;0;0
353;2017;896;0.52;0;6.797940413;-0.653926467;0;0;0;0;0;0;0
354;2017;896;0.15;0;6.797940413;-1.897119985;0;0;0;0;0;0;0
355;2017;896;0.91;1;6.797940413;-0.094310679;0;0;0;0;1;0;0
356;2017;536;0.11;0;6.284134161;-2.207274913;0;0;0;0;0;0;0
357;2017;536;0.15;0;6.284134161;-1.897119985;0;0;0;0;0;0;0
358;2017;536;0.15;0;6.284134161;-1.897119985;0;0;0;0;0;0;0
359;2017;536;0.22;0;6.284134161;-1.514127733;0;0;0;0;0;0;0
360;2017;536;0.29;0;6.284134161;-1.237874356;0;0;0;0;0;0;0
361;2017;536;0.32;0;6.284134161;-1.139434283;0;0;0;0;0;0;0
362;2017;461;0.83;0;6.133398043;-0.186329578;0;0;0;0;0;0;0
363;2017;461;0.3;0;6.133398043;-1.203972804;0;0;0;0;0;0;0
364;2017;461;0.69;0;6.133398043;-0.371063681;0;0;0;0;0;0;0
365;2017;329;0.32;0;5.796057751;-1.139434283;0;0;0;0;0;0;0
366;2017;329;0.75;0;5.796057751;-0.287682072;0;1;0;0;0;0;0
367;2017;329;0.14;0;5.796057751;-1.966112856;0;0;0;0;0;0;0
368;2017;329;0.42;0;5.796057751;-0.867500568;0;0;0;0;0;0;0
369;2017;329;0.4;0;5.796057751;-0.916290732;0;0;0;0;0;0;0
370;2017;329;0.64;0;5.796057751;-0.446287103;0;0;0;0;0;0;0
371;2017;632;0.49;0;6.448889394;-0.713349888;0;0;0;0;0;0;0
372;2017;632;0.11;0;6.448889394;-2.207274913;0;0;0;0;0;0;0
373;2017;632;0.56;0;6.448889394;-0.579818495;0;0;0;0;0;0;0
374;2017;632;0.83;0;6.448889394;-0.186329578;0;0;0;0;0;0;0
375;2017;632;0.3;0;6.448889394;-1.203972804;0;0;0;0;0;0;0
376;2017;1033;0.14;0;6.940222469;-1.966112856;0;0;0;0;0;0;0
377;2017;733;0.58;0;6.597145702;-0.544727175;0;0;0;0;0;0;0
378;2017;733;0.16;0;6.597145702;-1.832581464;0;0;0;0;0;0;0
379;2017;520;0.67;0;6.253828812;-0.400477567;0;0;0;0;0;0;0
380;2017;520;0.32;0;6.253828812;-1.139434283;0;0;0;0;0;0;0
381;2017;520;0.34;0;6.253828812;-1.078809661;0;0;0;0;0;0;0
382;2017;520;0.47;0;6.253828812;-0.755022584;0;0;0;0;0;0;0
383;2017;520;0.72;1;6.253828812;-0.328504067;0;0;0;0;0;0;0
384;2017;520;0.42;0;6.253828812;-0.867500568;0;0;0;0;0;0;0
385;2017;520;0.98;0;6.253828812;-0.020202707;0;0;0;0;0;0;0
386;2017;520;0.44;0;6.253828812;-0.820980552;0;0;0;0;0;0;0
387;2017;520;0.5;0;6.253828812;-0.693147181;0;0;0;0;0;0;0
388;2017;520;0.18;0;6.253828812;-1.714798428;0;0;0;0;0;0;0
389;2017;520;0.35;0;6.253828812;-1.049822124;0;0;0;0;0;0;0
390;2017;520;0.25;0;6.253828812;-1.386294361;0;0;0;0;0;0;0
391;2017;1155;0.18;0;7.051855623;-1.714798428;0;0;0;0;0;0;0
392;2017;1155;0.14;0;7.051855623;-1.966112856;0;0;0;0;0;0;0
393;2017;1155;0.33;0;7.051855623;-1.108662625;0;0;0;0;0;0;0
394;2017;1155;0.64;0;7.051855623;-0.446287103;0;0;0;0;0;0;0
395;2017;1155;0.49;1;7.051855623;-0.713349888;0;0;0;0;1;0;0
396;2017;1155;0.53;0;7.051855623;-0.634878272;0;0;0;0;0;0;0
397;2017;1155;1;0;7.051855623;0;0;0;0;0;0;0;0
398;2017;1407;0.23;0;7.249215057;-1.46967597;0;0;0;0;0;0;0
399;2017;9605;0.1;1;9.170039075;-2.302585093;1;1;0;0;0;0;0
400;2017;4628;0.2;0;8.439880088;-1.609437912;0;0;0;0;0;0;0
401;2017;4628;0.55;1;8.439880088;-0.597837001;0;0;0;1;0;0;0
402;2017;4628;0.18;0;8.439880088;-1.714798428;0;0;0;0;0;0;0
403;2017;2601;0.63;0;7.863651265;-0.46203546;0;0;0;0;0;0;0
404;2017;2601;0.33;0;7.863651265;-1.108662625;0;0;0;0;0;0;0
405;2017;2601;0.19;0;7.863651265;-1.660731207;0;1;0;0;0;0;0
406;2017;2601;0.99;2;7.863651265;-0.010050336;0;1;0;1;0;0;0
407;2017;2601;0.14;0;7.863651265;-1.966112856;0;1;0;0;0;0;0
408;2017;2089;0.41;1;7.644440762;-0.891598119;0;0;0;0;0;0;0
409;2017;2089;0.78;2;7.644440762;-0.248461359;0;1;0;2;0;1;0
410;2017;2089;0.22;1;7.644440762;-1.514127733;0;1;0;0;0;0;0
411;2017;2089;0.13;0;7.644440762;-2.040220829;0;1;0;0;0;0;0
412;2017;2089;0.42;1;7.644440762;-0.867500568;0;1;0;0;0;0;0
413;2017;2089;0.55;1;7.644440762;-0.597837001;0;1;0;0;0;0;0
414;2017;1925;0.63;1;7.562681247;-0.46203546;0;1;0;0;0;0;0
415;2017;1925;0.29;1;7.562681247;-1.237874356;0;1;0;0;0;0;0
416;2017;1925;0.32;0;7.562681247;-1.139434283;0;0;0;0;0;0;0
417;2017;1925;0.13;0;7.562681247;-2.040220829;0;0;0;0;0;0;0
418;2017;1925;0.12;0;7.562681247;-2.120263536;0;0;0;0;0;0;0
419;2017;1925;0.16;0;7.562681247;-1.832581464;0;1;0;0;0;0;0
420;2017;1925;0.62;3;7.562681247;-0.478035801;0;1;0;0;0;0;0
421;2017;1925;0.93;1;7.562681247;-0.072570693;0;1;0;0;0;0;0
422;2017;1925;0.32;0;7.562681247;-1.139434283;0;1;0;0;0;0;0
423;2017;1925;0.15;1;7.562681247;-1.897119985;0;1;0;0;0;0;0
424;2017;1925;0.52;0;7.562681247;-0.653926467;0;1;0;0;0;0;0
425;2017;1925;0.1;0;7.562681247;-2.302585093;0;1;0;0;0;0;0
426;2017;1925;0.13;0;7.562681247;-2.040220829;0;1;0;0;0;0;0
427;2017;1925;0.24;0;7.562681247;-1.427116356;0;1;0;0;0;0;0
428;2017;1512;0.15;0;7.321188557;-1.897119985;0;1;0;0;0;0;0
429;2017;1512;0.11;0;7.321188557;-2.207274913;0;0;0;0;0;0;0
430;2017;1512;0.41;0;7.321188557;-0.891598119;0;0;0;0;0;0;0
431;2017;1512;0.14;0;7.321188557;-1.966112856;0;0;0;0;0;0;0
432;2017;1512;0.26;0;7.321188557;-1.347073648;0;0;0;0;0;0;0
433;2017;1512;0.48;0;7.321188557;-0.733969175;0;0;0;0;0;0;0
434;2017;1512;0.25;0;7.321188557;-1.386294361;0;0;0;0;0;0;0
435;2017;1512;0.61;0;7.321188557;-0.494296322;0;0;0;0;0;0;0
436;2017;1512;0.4;0;7.321188557;-0.916290732;0;1;0;0;0;0;0
437;2017;1512;0.28;0;7.321188557;-1.272965676;0;0;0;0;0;0;0
438;2017;1512;0.45;0;7.321188557;-0.798507696;0;1;0;0;0;0;0
439;2017;1512;0.68;0;7.321188557;-0.385662481;0;1;0;0;0;0;0
440;2017;1512;0.12;0;7.321188557;-2.120263536;0;1;0;0;0;0;0
441;2017;1512;0.18;0;7.321188557;-1.714798428;0;1;0;0;0;0;0
442;2017;1512;0.24;0;7.321188557;-1.427116356;0;1;0;0;0;0;0
443;2017;1512;0.31;0;7.321188557;-1.171182982;0;1;0;0;0;0;0
444;2017;1512;0.14;0;7.321188557;-1.966112856;0;1;0;0;0;0;0
445;2017;1217;0.3;0;7.104144093;-1.203972804;0;1;0;0;0;0;0
446;2017;1217;0.76;0;7.104144093;-0.274436846;0;1;0;0;0;0;0
447;2017;1217;0.78;0;7.104144093;-0.248461359;0;1;0;0;0;0;0
448;2017;1043;0.26;0;6.949856455;-1.347073648;0;1;0;0;0;0;0
449;2017;883;0.61;0;6.783325201;-0.494296322;0;1;0;0;0;0;0
450;2017;883;0.22;0;6.783325201;-1.514127733;0;1;0;0;0;0;0
451;2017;883;0.15;0;6.783325201;-1.897119985;0;1;0;0;0;0;0
452;2017;883;1;0;6.783325201;0;0;1;0;0;0;0;0
453;2017;883;0.19;0;6.783325201;-1.660731207;0;0;0;0;0;0;0
454;2017;883;0.11;0;6.783325201;-2.207274913;0;1;0;0;0;0;0
455;2017;883;0.47;0;6.783325201;-0.755022584;0;1;0;0;0;0;0
456;2017;883;0.14;0;6.783325201;-1.966112856;0;1;0;0;0;0;0
457;2017;883;0.15;0;6.783325201;-1.897119985;0;1;0;0;0;0;0
458;2017;883;0.59;0;6.783325201;-0.527632742;0;1;0;0;0;0;0
459;2017;883;0.1;0;6.783325201;-2.302585093;0;0;0;0;0;0;0
460;2017;883;0.31;0;6.783325201;-1.171182982;0;1;0;0;0;0;0
461;2017;883;0.23;0;6.783325201;-1.46967597;0;1;0;0;0;0;0
462;2017;662;0.11;0;6.495265556;-2.207274913;0;1;0;0;0;0;0
463;2017;662;0.71;0;6.495265556;-0.342490309;0;1;0;0;0;0;0
464;2017;662;0.24;0;6.495265556;-1.427116356;0;1;0;0;0;0;0
465;2017;662;0.66;0;6.495265556;-0.415515444;0;1;0;0;0;0;0
466;2017;662;0.62;1;6.495265556;-0.478035801;0;1;0;0;0;0;0
467;2017;662;0.15;0;6.495265556;-1.897119985;0;1;0;0;0;0;0
468;2017;662;0.34;0;6.495265556;-1.078809661;0;1;0;0;0;0;0
469;2017;662;0.51;0;6.495265556;-0.673344553;0;1;0;0;0;0;0
470;2017;662;0.29;0;6.495265556;-1.237874356;0;1;0;0;0;0;0
471;2017;662;0.91;1;6.495265556;-0.094310679;0;1;0;0;0;0;0
472;2017;662;0.73;0;6.495265556;-0.314710745;0;1;0;0;0;0;0
473;2017;810;0.88;1;6.697034248;-0.127833372;0;1;0;1;0;0;0
474;2017;810;0.84;0;6.697034248;-0.174353387;0;1;0;0;0;0;0
475;2017;810;0.36;0;6.697034248;-1.021651248;0;1;0;0;0;0;0
476;2017;810;0.21;1;6.697034248;-1.560647748;0;0;0;0;0;0;0
477;2017;810;0.56;0;6.697034248;-0.579818495;0;1;0;0;0;0;0
478;2017;810;0.42;0;6.697034248;-0.867500568;0;1;0;0;0;0;0
479;2017;810;0.27;0;6.697034248;-1.30933332;0;1;0;0;0;0;0
480;2017;810;0.5;1;6.697034248;-0.693147181;0;0;0;1;1;0;0
481;2017;810;0.24;0;6.697034248;-1.427116356;0;0;0;0;0;0;0
482;2017;810;0.54;0;6.697034248;-0.616186139;0;0;0;0;0;0;0
483;2017;810;0.17;0;6.697034248;-1.771956842;0;0;0;0;0;0;0
484;2017;810;0.34;0;6.697034248;-1.078809661;0;0;0;0;0;0;0
485;2017;810;0.44;2;6.697034248;-0.820980552;0;0;0;0;0;0;0
486;2017;810;0.33;0;6.697034248;-1.108662625;0;0;0;0;0;0;0
487;2017;810;0.57;0;6.697034248;-0.562118918;0;0;0;0;0;0;0
488;2017;810;0.34;1;6.697034248;-1.078809661;0;0;0;0;1;0;0
489;2017;810;0.91;0;6.697034248;-0.094310679;0;1;0;0;0;0;0
490;2017;1488;0.57;0;7.305188215;-0.562118918;0;1;0;0;0;0;0
491;2017;1488;0.21;0;7.305188215;-1.560647748;0;1;0;0;0;0;0
492;2017;1488;0.23;0;7.305188215;-1.46967597;0;1;0;0;0;0;0
493;2017;1488;0.28;0;7.305188215;-1.272965676;0;1;0;0;0;0;0
494;2017;1488;0.89;0;7.305188215;-0.116533816;0;1;0;0;0;0;0
495;2017;1488;0.47;0;7.305188215;-0.755022584;0;0;0;0;0;0;0
496;2017;1488;0.4;0;7.305188215;-0.916290732;0;0;0;0;0;0;0
497;2017;1488;0.11;0;7.305188215;-2.207274913;0;0;0;0;0;0;0
498;2017;1488;0.67;0;7.305188215;-0.400477567;0;1;0;0;0;0;0
499;2017;1488;0.8;0;7.305188215;-0.223143551;0;1;0;0;0;0;0
500;2017;1488;0.19;0;7.305188215;-1.660731207;0;1;0;0;0;0;0
501;2017;2075;0.15;0;7.637716433;-1.897119985;0;1;0;0;0;0;0
502;2017;9327;0.94;3;9.140668699;-0.061875404;1;1;0;0;0;0;0
503;2017;3551;0.84;3;8.174984533;-0.174353387;1;1;0;0;0;0;0
504;2017;3551;0.61;2;8.174984533;-0.494296322;1;1;0;1;0;1;0
505;2017;3551;0.5;2;8.174984533;-0.693147181;1;1;0;0;0;0;0
507;2017;18547;0.47;8;9.82806333;-0.755022584;1;0;0;0;0;0;1
1;2018;8153;0.43;1;9.006141237;-0.84397007;1;0;0;0;0;0;0
2;2018;8153;0.38;3;9.006141237;-0.967584026;1;0;0;0;0;0;0
3;2018;8153;0.63;0;9.006141237;-0.46203546;1;0;0;0;0;0;0
4;2018;8153;0.14;1;9.006141237;-1.966112856;1;0;0;0;0;0;0
5;2018;8153;0.45;0;9.006141237;-0.798507696;1;0;0;0;0;0;0
6;2018;8153;0.21;1;9.006141237;-1.560647748;1;0;0;0;0;0;0
7;2018;8153;0.35;0;9.006141237;-1.049822124;1;0;0;0;0;0;0
8;2018;8153;0.16;0;9.006141237;-1.832581464;1;0;0;0;0;0;0
9;2018;8153;0.26;0;9.006141237;-1.347073648;1;1;0;0;0;0;0
10;2018;7195;0.2;1;8.881141619;-1.609437912;1;0;0;0;0;0;0
11;2018;1892;0.17;1;7.54538975;-1.771956842;1;0;0;0;0;0;0
12;2018;1892;0.13;0;7.54538975;-2.040220829;1;0;0;0;0;0;0
13;2018;1886;0.12;0;7.542213463;-2.120263536;1;0;0;0;0;0;0
14;2018;1886;0.57;3;7.542213463;-0.562118918;1;1;0;0;0;0;0
15;2018;1886;0.86;0;7.542213463;-0.15082289;1;1;0;0;0;0;0
16;2018;1886;0.76;1;7.542213463;-0.274436846;1;1;0;0;0;0;0
17;2018;1886;0.81;0;7.542213463;-0.210721031;1;1;0;0;0;0;0
18;2018;1886;0.14;0;7.542213463;-1.966112856;1;0;0;0;0;0;0
19;2018;1886;0.23;0;7.542213463;-1.46967597;1;1;0;0;0;0;0
20;2018;1886;0.15;0;7.542213463;-1.897119985;1;1;0;0;0;0;0
21;2018;1886;0.13;0;7.542213463;-2.040220829;1;1;0;0;0;0;0
22;2018;1886;0.65;0;7.542213463;-0.430782916;1;1;0;0;0;0;0
23;2018;1886;0.38;0;7.542213463;-0.967584026;1;1;0;0;0;0;0
24;2018;1886;0.11;0;7.542213463;-2.207274913;1;1;0;0;0;0;0
25;2018;1886;0.32;0;7.542213463;-1.139434283;1;0;0;0;0;0;0
26;2018;1886;0.4;0;7.542213463;-0.916290732;1;0;0;0;0;0;0
27;2018;2057;0.16;0;7.62900389;-1.832581464;1;0;0;0;0;0;0
28;2018;1082;0.33;0;6.986566459;-1.108662625;1;0;0;0;0;0;0
29;2018;1082;0.69;0;6.986566459;-0.371063681;1;0;0;0;0;0;0
30;2018;1082;0.49;0;6.986566459;-0.713349888;1;0;0;0;0;0;0
31;2018;1082;0.5;0;6.986566459;-0.693147181;1;0;0;0;0;0;0
32;2018;1082;0.23;0;6.986566459;-1.46967597;1;0;0;0;0;0;0
33;2018;1082;0.36;1;6.986566459;-1.021651248;1;0;0;0;0;0;0
34;2018;1082;0.52;0;6.986566459;-0.653926467;1;0;0;0;0;0;0
35;2018;1082;0.39;0;6.986566459;-0.94160854;1;0;0;0;0;0;0
36;2018;1082;0.95;0;6.986566459;-0.051293294;1;0;0;0;0;0;0
37;2018;1082;0.94;0;6.986566459;-0.061875404;1;0;0;0;0;0;0
38;2018;1082;0.95;0;6.986566459;-0.051293294;1;0;0;0;0;0;0
39;2018;1082;0.95;0;6.986566459;-0.051293294;1;0;0;0;0;0;0
40;2018;1082;0.97;0;6.986566459;-0.030459207;1;0;0;0;0;0;0
41;2018;1082;0.95;0;6.986566459;-0.051293294;1;0;0;0;0;0;0
42;2018;899;0.91;0;6.801283034;-0.094310679;1;0;0;0;0;0;0
43;2018;899;0.97;0;6.801283034;-0.030459207;1;0;0;0;0;0;0
44;2018;899;0.38;0;6.801283034;-0.967584026;1;0;0;0;0;0;0
45;2018;899;0.59;0;6.801283034;-0.527632742;1;0;0;0;0;0;0
46;2018;899;0.46;0;6.801283034;-0.776528789;1;0;0;0;0;0;0
47;2018;899;0.1;0;6.801283034;-2.302585093;1;0;0;0;0;0;0
48;2018;741;0.31;0;6.608000625;-1.171182982;1;0;0;0;0;0;0
49;2018;741;0.6;0;6.608000625;-0.510825624;1;1;0;0;0;0;0
50;2018;741;0.93;0;6.608000625;-0.072570693;1;0;0;0;0;0;0
51;2018;741;0.24;0;6.608000625;-1.427116356;1;0;0;0;0;0;0
52;2018;741;0.58;1;6.608000625;-0.544727175;1;0;0;0;0;1;0
53;2018;741;0.13;0;6.608000625;-2.040220829;1;0;0;0;0;0;0
54;2018;741;0.56;0;6.608000625;-0.579818495;1;0;0;0;0;0;0
55;2018;741;0.29;0;6.608000625;-1.237874356;1;0;0;0;0;0;0
56;2018;741;0.75;0;6.608000625;-0.287682072;1;0;0;0;0;0;0
57;2018;750;0.78;0;6.620073207;-0.248461359;1;0;0;0;0;0;0
58;2018;750;0.32;0;6.620073207;-1.139434283;1;0;0;0;0;0;0
59;2018;750;0.55;0;6.620073207;-0.597837001;1;0;0;0;0;0;0
60;2018;750;0.58;0;6.620073207;-0.544727175;1;0;0;0;0;0;0
61;2018;750;0.28;0;6.620073207;-1.272965676;1;0;0;0;0;0;0
62;2018;750;0.77;0;6.620073207;-0.261364764;1;0;0;0;0;0;0
63;2018;750;0.76;0;6.620073207;-0.274436846;1;0;0;0;0;0;0
64;2018;750;0.17;0;6.620073207;-1.771956842;1;0;0;0;0;0;0
65;2018;750;0.17;0;6.620073207;-1.771956842;1;0;0;0;0;0;0
66;2018;1327;0.38;0;7.190676034;-0.967584026;1;0;0;0;0;0;0
67;2018;2303;0.16;0;7.7419679;-1.832581464;1;0;0;0;0;0;0
68;2018;2368;0.24;0;7.769800996;-1.427116356;1;0;0;0;0;0;0
69;2018;2527;0.26;0;7.834788107;-1.347073648;1;0;0;0;0;0;0
70;2018;2527;0.28;0;7.834788107;-1.272965676;1;1;0;0;0;0;0
72;2018;2527;0.12;1;7.834788107;-2.120263536;1;0;0;0;0;0;0
73;2018;2527;0.19;0;7.834788107;-1.660731207;1;0;0;0;0;0;0
74;2018;2527;0.21;0;7.834788107;-1.560647748;1;0;0;0;0;0;0
75;2018;2527;0.4;1;7.834788107;-0.916290732;1;0;0;0;0;0;0
76;2018;2527;0.39;1;7.834788107;-0.94160854;1;0;0;0;0;0;0
77;2018;1090;0.82;0;6.993932975;-0.198450939;1;0;0;0;0;0;0
78;2018;1090;0.94;0;6.993932975;-0.061875404;1;0;0;0;0;0;0
79;2018;1090;0.26;0;6.993932975;-1.347073648;1;0;0;0;0;0;0
80;2018;1090;0.64;0;6.993932975;-0.446287103;1;0;0;0;0;0;0
81;2018;1090;0.24;0;6.993932975;-1.427116356;1;0;0;0;0;0;0
82;2018;1090;0.16;0;6.993932975;-1.832581464;1;0;0;0;0;0;0
83;2018;1090;0.24;0;6.993932975;-1.427116356;1;0;0;0;0;0;0
84;2018;1090;0.11;0;6.993932975;-2.207274913;1;1;0;0;0;0;0
85;2018;1090;0.46;0;6.993932975;-0.776528789;1;0;0;0;0;0;0
86;2018;1090;1;0;6.993932975;0;1;0;0;0;0;0;0
87;2018;1090;0.51;0;6.993932975;-0.673344553;1;0;0;0;0;0;0
88;2018;1090;0.6;0;6.993932975;-0.510825624;1;0;0;0;0;0;0
89;2018;1128;0.18;0;7.028201432;-1.714798428;1;1;0;0;0;0;0
90;2018;1128;0.88;0;7.028201432;-0.127833372;1;1;0;0;0;0;0
91;2018;1128;0.99;0;7.028201432;-0.010050336;1;1;0;0;0;0;0
92;2018;1128;0.13;0;7.028201432;-2.040220829;1;1;0;0;0;0;0
93;2018;1128;0.19;0;7.028201432;-1.660731207;1;1;0;0;0;0;0
94;2018;1128;0.11;0;7.028201432;-2.207274913;1;1;0;0;0;0;0
95;2018;1276;0.46;1;7.151485464;-0.776528789;1;1;0;0;0;0;0
96;2018;1276;0.7;2;7.151485464;-0.356674944;1;1;0;1;1;0;0
97;2018;1276;0.15;0;7.151485464;-1.897119985;1;1;0;0;0;0;0
98;2018;1276;0.31;0;7.151485464;-1.171182982;1;1;0;0;0;0;0
99;2018;1276;0.51;0;7.151485464;-0.673344553;1;1;0;0;0;0;0
100;2018;3244;0.19;0;8.084562415;-1.660731207;1;1;0;0;0;0;0
101;2018;3244;0.15;0;8.084562415;-1.897119985;1;1;0;0;0;0;0
102;2018;3734;0.16;0;8.225235324;-1.832581464;1;0;0;0;0;0;0
103;2018;3734;0.2;0;8.225235324;-1.609437912;1;0;0;0;0;0;0
104;2018;3048;0.77;0;8.022240917;-0.261364764;1;0;0;0;0;0;0
105;2018;3048;0.19;0;8.022240917;-1.660731207;1;0;0;0;0;0;0
106;2018;3048;0.56;0;8.022240917;-0.579818495;1;0;0;0;0;0;0
107;2018;3080;0.38;0;8.032684876;-0.967584026;1;0;0;0;0;0;0
108;2018;3080;0.1;0;8.032684876;-2.302585093;1;0;0;0;0;0;0
109;2018;3080;0.12;0;8.032684876;-2.120263536;1;1;0;0;0;0;0
110;2018;2691;0.28;0;7.897668151;-1.272965676;1;1;0;0;0;0;0
111;2018;2691;0.12;0;7.897668151;-2.120263536;1;1;0;0;0;0;0
112;2018;2691;0.15;0;7.897668151;-1.897119985;1;1;0;0;0;0;0
113;2018;2691;0.77;0;7.897668151;-0.261364764;1;0;0;0;0;0;0
114;2018;2691;0.94;0;7.897668151;-0.061875404;1;0;0;0;0;0;0
115;2018;2691;1;0;7.897668151;0;1;0;0;0;0;0;0
116;2018;2691;0.55;1;7.897668151;-0.597837001;1;0;0;0;0;0;0
117;2018;2691;0.45;2;7.897668151;-0.798507696;1;0;0;0;0;0;0
118;2018;2691;0.54;0;7.897668151;-0.616186139;1;0;0;0;0;0;0
119;2018;2691;0.24;0;7.897668151;-1.427116356;1;0;0;0;0;0;0
120;2018;3040;0.8;0;8.019612794;-0.223143551;1;0;0;0;0;0;0
121;2018;6416;0.14;0;8.76655015;-1.966112856;1;0;0;0;0;0;0
122;2018;5205;0.26;1;8.557374981;-1.347073648;1;0;0;0;0;0;0
123;2018;5205;1;0;8.557374981;0;1;0;0;0;0;0;0
124;2018;5205;1;2;8.557374981;0;1;0;0;1;0;0;0
125;2018;4693;0.56;1;8.453827316;-0.579818495;1;0;0;0;1;0;0
126;2018;4931;0.83;4;8.503297086;-0.186329578;1;0;0;0;3;0;0
127;2018;4931;0.11;1;8.503297086;-2.207274913;1;0;0;0;0;0;0
128;2018;4931;0.57;0;8.503297086;-0.562118918;1;0;0;0;0;0;0
129;2018;4931;0.21;0;8.503297086;-1.560647748;1;0;0;0;0;0;0
130;2018;4931;0.53;0;8.503297086;-0.634878272;1;0;0;0;0;0;0
131;2018;4931;0.27;0;8.503297086;-1.30933332;1;1;0;0;0;0;0
132;2018;6645;0.22;0;8.801619971;-1.514127733;1;0;0;0;0;0;0
133;2018;6645;0.38;0;8.801619971;-0.967584026;1;0;0;0;0;0;0
134;2018;6645;0.54;0;8.801619971;-0.616186139;1;0;0;0;0;0;0
135;2018;6645;0.14;0;8.801619971;-1.966112856;1;0;0;0;0;0;0
136;2018;6645;0.21;1;8.801619971;-1.560647748;1;0;0;0;0;0;0
137;2018;6645;0.14;0;8.801619971;-1.966112856;1;0;0;0;0;0;0
138;2018;6645;0.7;0;8.801619971;-0.356674944;1;0;0;0;0;0;0
139;2018;6645;0.52;1;8.801619971;-0.653926467;1;0;0;0;0;0;0
140;2018;6645;0.57;0;8.801619971;-0.562118918;1;0;0;0;0;0;0
141;2018;6645;0.14;0;8.801619971;-1.966112856;1;0;0;0;0;0;0
142;2018;6645;0.1;0;8.801619971;-2.302585093;1;0;0;0;0;0;0
143;2018;6508;0.15;0;8.780787468;-1.897119985;1;0;0;0;0;0;0
144;2018;7153;0.99;0;8.875287128;-0.010050336;1;0;0;0;0;0;0
145;2018;7153;0.13;0;8.875287128;-2.040220829;1;0;0;0;0;0;0
146;2018;7153;0.12;0;8.875287128;-2.120263536;1;0;0;0;0;0;0
147;2018;7153;0.42;0;8.875287128;-0.867500568;1;1;0;0;0;0;0
148;2018;7153;0.15;1;8.875287128;-1.897119985;1;1;0;0;0;0;0
149;2018;9142;0.21;1;9.120634459;-1.560647748;1;1;0;0;0;0;0
150;2018;9142;0.13;0;9.120634459;-2.040220829;1;0;0;0;0;0;0
151;2018;9142;0.17;0;9.120634459;-1.771956842;1;0;0;0;0;0;0
152;2018;9142;0.51;0;9.120634459;-0.673344553;1;0;0;0;0;0;0
153;2018;9142;0.8;0;9.120634459;-0.223143551;1;0;0;0;0;0;0
154;2018;13420;0.24;1;9.504501411;-1.427116356;0;1;0;0;0;0;1
155;2018;13420;0.32;1;9.504501411;-1.139434283;0;0;0;0;1;0;1
156;2018;13420;0.29;1;9.504501411;-1.237874356;0;1;0;0;0;0;1
157;2018;13420;0.18;7;9.504501411;-1.714798428;0;1;0;0;0;0;1
158;2018;13420;0.13;0;9.504501411;-2.040220829;0;1;0;0;0;0;1
159;2018;10419;0.57;4;9.251386341;-0.562118918;0;1;0;0;0;0;1
160;2018;10419;0.99;3;9.251386341;-0.010050336;0;1;0;1;1;0;1
161;2018;8081;0.22;0;8.997270906;-1.514127733;0;1;0;0;0;0;0
162;2018;8081;0.28;1;8.997270906;-1.272965676;0;1;0;0;0;0;0
163;2018;8081;0.67;1;8.997270906;-0.400477567;0;1;0;1;0;0;0
164;2018;8081;0.15;0;8.997270906;-1.897119985;0;1;0;0;0;0;0
165;2018;8081;0.42;0;8.997270906;-0.867500568;0;1;0;0;0;0;0
166;2018;8081;0.19;0;8.997270906;-1.660731207;0;1;0;0;0;0;0
167;2018;8081;0.64;3;8.997270906;-0.446287103;0;1;0;0;1;0;0
168;2018;8081;0.3;1;8.997270906;-1.203972804;0;1;0;0;0;0;0
169;2018;8081;0.2;1;8.997270906;-1.609437912;0;1;0;0;0;0;0
170;2018;8329;0.51;1;9.02749868;-0.673344553;0;1;0;0;1;0;0
171;2018;7961;0.36;1;8.982309899;-1.021651248;0;1;0;0;1;0;0
172;2018;7961;0.29;0;8.982309899;-1.237874356;0;1;0;0;0;0;0
173;2018;7961;0.29;0;8.982309899;-1.237874356;0;1;0;0;0;0;0
174;2018;7961;0.22;1;8.982309899;-1.514127733;0;1;0;0;0;0;0
175;2018;7961;0.56;3;8.982309899;-0.579818495;0;1;0;0;0;0;0
176;2018;7961;0.21;0;8.982309899;-1.560647748;0;1;0;0;0;0;0
177;2018;7961;0.95;4;8.982309899;-0.051293294;0;1;0;0;0;0;0
178;2018;7961;0.96;2;8.982309899;-0.040821995;0;1;0;0;1;1;0
179;2018;7961;0.34;1;8.982309899;-1.078809661;0;1;0;0;0;0;0
180;2018;10140;0.35;4;9.224243277;-1.049822124;0;0;0;0;0;0;1
181;2018;11314;0.1;2;9.333796176;-2.302585093;0;0;0;0;0;0;1
182;2018;12685;0.12;2;9.448175472;-2.120263536;0;0;0;0;0;0;1
183;2018;11856;0.12;1;9.380589348;-2.120263536;0;0;0;0;0;0;1
184;2018;8911;0.12;1;9.095041748;-2.120263536;0;1;0;0;0;0;0
185;2018;8911;0.5;0;9.095041748;-0.693147181;0;1;0;0;0;0;0
186;2018;8911;0.17;0;9.095041748;-1.771956842;0;1;0;0;0;0;0
187;2018;8911;0.17;0;9.095041748;-1.771956842;0;1;0;0;0;0;0
188;2018;8911;0.13;0;9.095041748;-2.040220829;0;1;0;0;0;0;0
189;2018;8911;0.13;0;9.095041748;-2.040220829;0;1;0;0;0;0;0
190;2018;8911;0.15;0;9.095041748;-1.897119985;0;1;0;0;0;0;0
191;2018;8911;0.27;4;9.095041748;-1.30933332;0;1;0;0;0;0;0
192;2018;11856;0.34;2;9.380589348;-1.078809661;0;1;0;1;0;0;1
193;2018;11856;0.11;0;9.380589348;-2.207274913;0;1;0;0;0;0;1
194;2018;11856;0.54;4;9.380589348;-0.616186139;0;1;0;0;0;0;1
195;2018;11856;0.14;0;9.380589348;-1.966112856;0;1;0;0;0;0;1
196;2018;11856;0.31;3;9.380589348;-1.171182982;0;1;0;0;0;0;1
197;2018;16940;0.34;7;9.737432968;-1.078809661;0;1;0;0;0;0;1
199;2018;16940;0.14;2;9.737432968;-1.966112856;0;1;0;0;0;0;1
200;2018;16940;0.2;4;9.737432968;-1.609437912;0;1;0;0;0;0;1
201;2018;16940;0.14;2;9.737432968;-1.966112856;0;1;0;0;0;0;1
203;2018;20068;0.19;4;9.906881786;-1.660731207;0;1;0;0;0;0;1
205;2018;14975;0.12;2;9.614137423;-2.120263536;0;1;0;0;0;0;1
206;2018;14975;0.52;6;9.614137423;-0.653926467;0;1;0;0;0;0;1
207;2018;18753;0.18;0;9.839109019;-1.714798428;0;1;0;0;0;0;1
208;2018;18753;0.15;1;9.839109019;-1.897119985;0;0;0;0;0;0;1
209;2018;18753;0.14;2;9.839109019;-1.966112856;0;0;0;0;0;0;1
210;2018;18753;0.26;0;9.839109019;-1.347073648;0;0;0;0;0;0;1
211;2018;2621;0.71;0;7.871311203;-0.342490309;0;1;0;0;0;0;0
212;2018;2621;0.15;0;7.871311203;-1.897119985;0;1;0;0;0;0;0
213;2018;2621;0.42;0;7.871311203;-0.867500568;0;1;0;0;0;0;0
214;2018;2621;0.8;0;7.871311203;-0.223143551;0;1;0;0;0;0;0
215;2018;2621;0.25;0;7.871311203;-1.386294361;0;1;0;0;0;0;0
216;2018;2621;0.12;0;7.871311203;-2.120263536;0;1;0;0;0;0;0
217;2018;2621;0.42;1;7.871311203;-0.867500568;0;1;0;0;0;0;0
218;2018;2621;0.88;1;7.871311203;-0.127833372;0;1;0;0;0;0;0
219;2018;2621;0.28;0;7.871311203;-1.272965676;0;1;0;0;0;0;0
220;2018;2621;0.74;0;7.871311203;-0.301105093;0;1;0;0;0;0;0
221;2018;2621;0.35;0;7.871311203;-1.049822124;0;1;0;0;0;0;0
222;2018;2621;0.51;1;7.871311203;-0.673344553;0;1;0;0;1;0;0
223;2018;2621;0.21;0;7.871311203;-1.560647748;0;1;0;0;0;0;0
224;2018;2621;0.12;0;7.871311203;-2.120263536;0;1;0;0;0;0;0
225;2018;2716;0.13;0;7.906915489;-2.040220829;0;1;0;0;0;0;0
226;2018;1507;0.19;0;7.317876199;-1.660731207;0;1;0;0;0;0;0
227;2018;1507;0.11;1;7.317876199;-2.207274913;0;1;0;0;0;0;0
228;2018;1507;0.27;0;7.317876199;-1.30933332;0;1;0;0;0;0;0
229;2018;1507;0.55;0;7.317876199;-0.597837001;0;1;0;0;0;0;0
230;2018;1507;0.57;0;7.317876199;-0.562118918;0;1;0;0;0;0;0
231;2018;1366;0.51;0;7.21964204;-0.673344553;0;1;0;0;0;0;0
232;2018;1366;0.22;0;7.21964204;-1.514127733;0;1;0;0;0;0;0
233;2018;1366;0.11;0;7.21964204;-2.207274913;0;1;0;0;0;0;0
234;2018;1366;0.11;0;7.21964204;-2.207274913;0;0;0;0;0;0;0
235;2018;1366;0.12;0;7.21964204;-2.120263536;0;0;0;0;0;0;0
236;2018;1366;0.46;0;7.21964204;-0.776528789;0;1;0;0;0;0;0
237;2018;1366;0.23;0;7.21964204;-1.46967597;0;1;0;0;0;0;0
238;2018;1366;0.12;0;7.21964204;-2.120263536;0;1;0;0;0;0;0
239;2018;944;0.3;0;6.850126166;-1.203972804;0;1;0;0;0;0;0
240;2018;944;0.18;0;6.850126166;-1.714798428;0;1;0;0;0;0;0
241;2018;944;0.44;0;6.850126166;-0.820980552;0;1;0;0;0;0;0
242;2018;944;0.73;1;6.850126166;-0.314710745;0;1;0;0;0;0;0
243;2018;944;0.48;0;6.850126166;-0.733969175;0;1;0;0;0;0;0
244;2018;944;0.19;0;6.850126166;-1.660731207;0;1;0;0;0;0;0
245;2018;944;0.21;0;6.850126166;-1.560647748;0;1;0;0;0;0;0
246;2018;944;0.38;0;6.850126166;-0.967584026;0;1;0;0;0;0;0
247;2018;944;0.13;0;6.850126166;-2.040220829;0;0;0;0;0;0;0
248;2018;944;0.14;0;6.850126166;-1.966112856;0;0;0;0;0;0;0
249;2018;944;0.11;0;6.850126166;-2.207274913;0;0;0;0;0;0;0
250;2018;1206;0.27;0;7.095064377;-1.30933332;0;1;0;0;0;0;0
251;2018;1206;0.33;0;7.095064377;-1.108662625;0;1;0;0;0;0;0
252;2018;1206;0.19;0;7.095064377;-1.660731207;0;1;0;0;0;0;0
253;2018;600;0.27;0;6.396929655;-1.30933332;0;1;0;0;0;0;0
254;2018;600;0.74;0;6.396929655;-0.301105093;0;1;0;0;0;0;0
255;2018;472;0.36;0;6.156978986;-1.021651248;0;1;0;0;0;0;0
256;2018;472;0.17;0;6.156978986;-1.771956842;0;1;0;0;0;0;0
257;2018;472;0.76;1;6.156978986;-0.274436846;0;1;0;0;0;0;0
258;2018;472;0.51;0;6.156978986;-0.673344553;0;1;0;0;0;0;0
259;2018;472;0.7;0;6.156978986;-0.356674944;0;1;0;0;0;0;0
260;2018;1128;0.1;0;7.028201432;-2.302585093;0;1;0;0;0;0;0
261;2018;782;1;0;6.661854741;0;0;1;0;0;0;0;0
262;2018;782;1;0;6.661854741;0;0;1;0;0;0;0;0
263;2018;782;0.12;0;6.661854741;-2.120263536;0;1;0;0;0;0;0
264;2018;782;0.1;0;6.661854741;-2.302585093;0;1;0;0;0;0;0
265;2018;782;0.76;1;6.661854741;-0.274436846;0;1;0;0;0;0;0
266;2018;782;0.97;2;6.661854741;-0.030459207;0;1;0;0;0;0;0
267;2018;782;0.72;0;6.661854741;-0.328504067;0;1;0;0;0;0;0
268;2018;782;0.56;0;6.661854741;-0.579818495;0;1;0;0;0;0;0
269;2018;782;0.58;0;6.661854741;-0.544727175;0;1;0;0;0;0;0
270;2018;782;0.34;0;6.661854741;-1.078809661;0;1;0;0;0;0;0
271;2018;782;0.8;2;6.661854741;-0.223143551;0;1;0;1;0;1;0
272;2018;782;0.24;0;6.661854741;-1.427116356;0;1;0;0;0;0;0
273;2018;859;0.27;0;6.755768922;-1.30933332;0;1;0;0;0;0;0
274;2018;859;0.16;0;6.755768922;-1.832581464;0;0;0;0;0;0;0
275;2018;1707;0.83;0;7.442492723;-0.186329578;0;1;0;0;0;0;0
276;2018;1707;0.28;0;7.442492723;-1.272965676;0;1;0;0;0;0;0
277;2018;1707;0.76;0;7.442492723;-0.274436846;0;1;0;0;0;0;0
278;2018;1707;0.12;0;7.442492723;-2.120263536;0;0;0;0;0;0;0
279;2018;4523;0.73;1;8.416930769;-0.314710745;0;0;0;0;0;0;0
280;2018;4523;0.15;0;8.416930769;-1.897119985;0;0;0;0;0;0;0
281;2018;4523;0.77;0;8.416930769;-0.261364764;0;0;0;0;0;0;0
282;2018;4523;0.86;0;8.416930769;-0.15082289;0;0;0;0;0;0;0
283;2018;6481;0.22;1;8.776630098;-1.514127733;0;0;0;0;0;0;0
284;2018;6824;0.2;0;8.828201089;-1.609437912;0;0;0;0;0;0;0
285;2018;6824;0.29;0;8.828201089;-1.237874356;0;0;0;0;0;0;0
286;2018;6824;0.48;1;8.828201089;-0.733969175;0;0;0;0;0;0;0
287;2018;6824;0.18;2;8.828201089;-1.714798428;0;0;0;1;0;0;0
288;2018;6824;0.49;1;8.828201089;-0.713349888;0;0;0;1;0;0;0
289;2018;6403;0.56;2;8.76452191;-0.579818495;0;0;0;2;0;0;0
290;2018;6403;0.31;1;8.76452191;-1.171182982;0;0;0;0;0;0;0
291;2018;6403;0.17;0;8.76452191;-1.771956842;0;0;0;0;0;0;0
292;2018;6403;0.51;2;8.76452191;-0.673344553;0;0;0;0;1;0;0
293;2018;6403;0.61;0;8.76452191;-0.494296322;0;0;0;0;0;0;0
294;2018;4886;0.27;2;8.494129252;-1.30933332;0;0;0;0;0;0;0
295;2018;4886;0.65;1;8.494129252;-0.430782916;0;0;0;0;0;0;0
296;2018;4886;0.85;1;8.494129252;-0.162518929;0;0;0;0;1;0;0
297;2018;4886;0.68;2;8.494129252;-0.385662481;0;0;0;1;1;0;0
298;2018;4886;0.22;1;8.494129252;-1.514127733;0;0;0;0;0;0;0
299;2018;9693;0.84;1;9.179159254;-0.174353387;0;0;0;0;0;0;0
300;2018;9693;0.16;2;9.179159254;-1.832581464;0;0;0;0;0;0;0
301;2018;9693;0.28;0;9.179159254;-1.272965676;0;0;0;0;0;0;0
302;2018;9693;0.27;0;9.179159254;-1.30933332;0;0;0;0;0;0;0
303;2018;9693;0.32;0;9.179159254;-1.139434283;0;0;0;0;0;0;0
304;2018;9693;0.11;0;9.179159254;-2.207274913;0;0;0;0;0;0;0
305;2018;9693;0.24;0;9.179159254;-1.427116356;0;0;0;0;0;0;0
306;2018;9693;0.96;1;9.179159254;-0.040821995;0;0;0;0;0;0;0
308;2018;9483;0.59;0;9.157256001;-0.527632742;0;0;0;0;0;0;0
309;2018;9338;0.66;0;9.141847376;-0.415515444;0;0;0;0;0;0;0
310;2018;9338;0.25;2;9.141847376;-1.386294361;0;0;0;0;0;0;0
311;2018;9338;0.75;0;9.141847376;-0.287682072;0;0;0;0;0;0;0
312;2018;9338;0.87;4;9.141847376;-0.139262067;0;0;0;0;3;1;0
313;2018;9338;0.61;1;9.141847376;-0.494296322;0;0;0;0;1;0;0
314;2018;9338;0.39;3;9.141847376;-0.94160854;0;0;0;0;0;0;0
315;2018;9338;0.68;0;9.141847376;-0.385662481;0;0;0;0;0;0;0
316;2018;9338;0.17;0;9.141847376;-1.771956842;0;0;0;0;0;0;0
317;2018;9338;0.13;0;9.141847376;-2.040220829;0;0;0;0;0;0;0
318;2018;8955;0.19;0;9.099967314;-1.660731207;0;0;0;0;0;0;0
319;2018;9932;0.56;0;9.203517147;-0.579818495;0;0;0;0;0;0;0
320;2018;9932;0.26;0;9.203517147;-1.347073648;0;1;0;0;0;0;0
321;2018;9932;0.43;4;9.203517147;-0.84397007;0;1;1;0;0;0;0
322;2018;9932;0.17;1;9.203517147;-1.771956842;0;0;0;0;0;0;0
323;2018;9932;0.98;5;9.203517147;-0.020202707;0;1;0;0;0;0;0
324;2018;9932;0.35;0;9.203517147;-1.049822124;0;0;0;0;0;0;0
325;2018;9932;0.15;0;9.203517147;-1.897119985;0;0;0;0;0;0;0
326;2018;10007;0.35;1;9.211040127;-1.049822124;0;0;0;0;0;1;1
327;2018;10007;0.46;3;9.211040127;-0.776528789;0;0;0;0;0;0;1
328;2018;5591;1;2;8.628913441;0;0;0;0;0;0;0;0
329;2018;5591;0.26;0;8.628913441;-1.347073648;0;0;0;0;0;0;0
330;2018;5591;0.22;1;8.628913441;-1.514127733;0;0;0;0;0;0;0
331;2018;5591;0.27;2;8.628913441;-1.30933332;0;0;0;0;0;0;0
332;2018;5591;0.26;0;8.628913441;-1.347073648;0;0;0;0;0;0;0
333;2018;5591;0.5;0;8.628913441;-0.693147181;0;0;0;0;0;0;0
334;2018;5591;0.17;0;8.628913441;-1.771956842;0;0;0;0;0;0;0
335;2018;5591;0.17;0;8.628913441;-1.771956842;0;0;0;0;0;0;0
336;2018;5591;0.37;0;8.628913441;-0.994252273;0;0;0;0;0;0;0
337;2018;5591;0.73;2;8.628913441;-0.314710745;0;0;0;0;0;0;0
338;2018;5591;0.34;1;8.628913441;-1.078809661;0;0;0;1;0;1;0
339;2018;5334;0.36;0;8.581856705;-1.021651248;0;0;0;0;0;0;0
341;2018;7884;0.13;0;8.972590668;-2.040220829;0;0;0;0;0;0;0
342;2018;7884;0.32;0;8.972590668;-1.139434283;0;0;0;0;0;0;0
343;2018;7560;0.12;0;8.930626469;-2.120263536;0;0;0;0;0;0;0
344;2018;5861;0.19;0;8.676075516;-1.660731207;0;0;0;0;0;0;0
345;2018;5861;0.13;1;8.676075516;-2.040220829;0;0;0;0;0;0;0
346;2018;5861;0.12;0;8.676075516;-2.120263536;0;0;0;0;0;0;0
347;2018;1423;0.12;0;7.260522598;-2.120263536;0;0;0;0;0;0;0
348;2018;1423;0.2;0;7.260522598;-1.609437912;0;0;0;0;0;0;0
349;2018;1423;0.1;0;7.260522598;-2.302585093;0;0;0;0;0;0;0
350;2018;1423;0.25;0;7.260522598;-1.386294361;0;0;0;0;0;0;0
351;2018;928;0.66;0;6.833031733;-0.415515444;0;0;0;0;0;0;0
352;2018;928;0.17;0;6.833031733;-1.771956842;0;0;0;0;0;0;0
353;2018;928;0.52;0;6.833031733;-0.653926467;0;0;0;0;0;0;0
354;2018;928;0.15;0;6.833031733;-1.897119985;0;0;0;0;0;0;0
355;2018;928;0.91;0;6.833031733;-0.094310679;0;0;0;0;0;0;0
356;2018;555;0.11;0;6.318968114;-2.207274913;0;0;0;0;0;0;0
357;2018;555;0.15;0;6.318968114;-1.897119985;0;0;0;0;0;0;0
358;2018;555;0.15;1;6.318968114;-1.897119985;0;0;0;0;0;0;0
359;2018;555;0.22;1;6.318968114;-1.514127733;0;0;0;0;0;0;0
360;2018;555;0.29;1;6.318968114;-1.237874356;0;0;0;0;0;0;0
361;2018;555;0.32;0;6.318968114;-1.139434283;0;0;0;0;0;0;0
362;2018;477;0.83;1;6.167516491;-0.186329578;0;0;0;0;1;0;0
363;2018;477;0.3;0;6.167516491;-1.203972804;0;0;0;0;0;0;0
364;2018;477;0.69;0;6.167516491;-0.371063681;0;0;0;0;0;0;0
365;2018;341;0.32;0;5.831882477;-1.139434283;0;0;0;0;0;0;0
366;2018;341;0.75;0;5.831882477;-0.287682072;0;1;0;0;0;0;0
367;2018;341;0.14;0;5.831882477;-1.966112856;0;0;0;0;0;0;0
368;2018;341;0.42;0;5.831882477;-0.867500568;0;0;0;0;0;0;0
369;2018;341;0.4;0;5.831882477;-0.916290732;0;0;0;0;0;0;0
370;2018;341;0.64;0;5.831882477;-0.446287103;0;0;0;0;0;0;0
371;2018;654;0.49;0;6.483107351;-0.713349888;0;0;0;0;0;0;0
372;2018;654;0.11;0;6.483107351;-2.207274913;0;0;0;0;0;0;0
373;2018;654;0.56;0;6.483107351;-0.579818495;0;0;0;0;0;0;0
374;2018;654;0.83;0;6.483107351;-0.186329578;0;0;0;0;0;0;0
375;2018;654;0.3;0;6.483107351;-1.203972804;0;0;0;0;0;0;0
376;2018;1070;0.14;0;6.975413927;-1.966112856;0;0;0;0;0;0;0
377;2018;759;0.58;0;6.632001777;-0.544727175;0;0;0;0;0;0;0
378;2018;759;0.16;0;6.632001777;-1.832581464;0;0;0;0;0;0;0
379;2018;538;0.67;0;6.28785856;-0.400477567;0;0;0;0;0;0;0
380;2018;538;0.32;0;6.28785856;-1.139434283;0;0;0;0;0;0;0
381;2018;538;0.34;0;6.28785856;-1.078809661;0;0;0;0;0;0;0
382;2018;538;0.47;0;6.28785856;-0.755022584;0;0;0;0;0;0;0
383;2018;538;0.72;0;6.28785856;-0.328504067;0;0;0;0;0;0;0
384;2018;538;0.42;1;6.28785856;-0.867500568;0;0;0;1;0;0;0
385;2018;538;0.98;0;6.28785856;-0.020202707;0;0;0;0;0;0;0
386;2018;538;0.44;0;6.28785856;-0.820980552;0;0;0;0;0;0;0
387;2018;538;0.5;0;6.28785856;-0.693147181;0;0;0;0;0;0;0
388;2018;538;0.18;0;6.28785856;-1.714798428;0;0;0;0;0;0;0
389;2018;538;0.35;0;6.28785856;-1.049822124;0;0;0;0;0;0;0
390;2018;538;0.25;0;6.28785856;-1.386294361;0;0;0;0;0;0;0
391;2018;1196;0.18;0;7.086737935;-1.714798428;0;0;0;0;0;0;0
392;2018;1196;0.14;0;7.086737935;-1.966112856;0;0;0;0;0;0;0
393;2018;1196;0.33;0;7.086737935;-1.108662625;0;0;0;0;0;0;0
394;2018;1196;0.64;0;7.086737935;-0.446287103;0;0;0;0;0;0;0
395;2018;1196;0.49;0;7.086737935;-0.713349888;0;0;0;0;0;0;0
396;2018;1196;0.53;0;7.086737935;-0.634878272;0;0;0;0;0;0;0
397;2018;1196;1;0;7.086737935;0;0;0;0;0;0;0;0
398;2018;1457;0.23;0;7.284134806;-1.46967597;0;0;0;0;0;0;0
399;2018;10093;0.1;0;9.219597393;-2.302585093;1;1;0;0;0;0;1
400;2018;4781;0.2;0;8.472405009;-1.609437912;0;0;0;0;0;0;0
401;2018;4781;0.55;0;8.472405009;-0.597837001;0;0;0;0;0;0;0
402;2018;4781;0.18;0;8.472405009;-1.714798428;0;0;0;0;0;0;0
403;2018;2691;0.63;0;7.897668151;-0.46203546;0;0;0;0;0;0;0
404;2018;2691;0.33;0;7.897668151;-1.108662625;0;0;0;0;0;0;0
405;2018;2691;0.19;0;7.897668151;-1.660731207;0;1;0;0;0;0;0
406;2018;2691;0.99;4;7.897668151;-0.010050336;0;1;0;3;0;0;0
407;2018;2691;0.14;0;7.897668151;-1.966112856;0;1;0;0;0;0;0
408;2018;2161;0.41;0;7.678326357;-0.891598119;0;0;0;0;0;0;0
409;2018;2161;0.78;0;7.678326357;-0.248461359;0;1;0;0;0;0;0
410;2018;2161;0.22;0;7.678326357;-1.514127733;0;1;0;0;0;0;0
411;2018;2161;0.13;1;7.678326357;-2.040220829;0;1;0;0;0;0;0
412;2018;2161;0.42;0;7.678326357;-0.867500568;0;1;0;0;0;0;0
413;2018;2161;0.55;1;7.678326357;-0.597837001;0;1;0;0;0;0;0
414;2018;1992;0.63;1;7.596894438;-0.46203546;0;1;0;0;1;0;0
415;2018;1992;0.29;0;7.596894438;-1.237874356;0;1;0;0;0;0;0
416;2018;1992;0.32;2;7.596894438;-1.139434283;0;0;0;0;0;0;0
417;2018;1992;0.13;1;7.596894438;-2.040220829;0;0;0;0;0;0;0
418;2018;1992;0.12;0;7.596894438;-2.120263536;0;0;0;0;0;0;0
419;2018;1992;0.16;0;7.596894438;-1.832581464;0;1;0;0;0;0;0
420;2018;1992;0.62;2;7.596894438;-0.478035801;0;1;0;1;0;0;0
421;2018;1992;0.93;0;7.596894438;-0.072570693;0;1;0;0;0;0;0
422;2018;1992;0.32;0;7.596894438;-1.139434283;0;1;0;0;0;0;0
423;2018;1992;0.15;0;7.596894438;-1.897119985;0;1;0;0;0;0;0
424;2018;1992;0.52;1;7.596894438;-0.653926467;0;1;0;0;1;0;0
425;2018;1992;0.1;0;7.596894438;-2.302585093;0;1;0;0;0;0;0
426;2018;1992;0.13;0;7.596894438;-2.040220829;0;1;0;0;0;0;0
427;2018;1992;0.24;0;7.596894438;-1.427116356;0;1;0;0;0;0;0
428;2018;1565;0.15;0;7.355641103;-1.897119985;0;1;0;0;0;0;0
429;2018;1565;0.11;0;7.355641103;-2.207274913;0;0;0;0;0;0;0
430;2018;1565;0.41;0;7.355641103;-0.891598119;0;0;0;0;0;0;0
431;2018;1565;0.14;0;7.355641103;-1.966112856;0;0;0;0;0;0;0
432;2018;1565;0.26;0;7.355641103;-1.347073648;0;0;0;0;0;0;0
433;2018;1565;0.48;0;7.355641103;-0.733969175;0;0;0;0;0;0;0
434;2018;1565;0.25;0;7.355641103;-1.386294361;0;0;0;0;0;0;0
435;2018;1565;0.61;0;7.355641103;-0.494296322;0;0;0;0;0;0;0
436;2018;1565;0.4;0;7.355641103;-0.916290732;0;1;0;0;0;0;0
437;2018;1565;0.28;0;7.355641103;-1.272965676;0;0;0;0;0;0;0
438;2018;1565;0.45;0;7.355641103;-0.798507696;0;1;0;0;0;0;0
439;2018;1565;0.68;0;7.355641103;-0.385662481;0;1;0;0;0;0;0
440;2018;1565;0.12;0;7.355641103;-2.120263536;0;1;0;0;0;0;0
441;2018;1565;0.18;0;7.355641103;-1.714798428;0;1;0;0;0;0;0
442;2018;1565;0.24;0;7.355641103;-1.427116356;0;1;0;0;0;0;0
443;2018;1565;0.31;0;7.355641103;-1.171182982;0;1;0;0;0;0;0
444;2018;1565;0.14;0;7.355641103;-1.966112856;0;1;0;0;0;0;0
445;2018;1259;0.3;0;7.138073034;-1.203972804;0;1;0;0;0;0;0
446;2018;1259;0.76;0;7.138073034;-0.274436846;0;1;0;0;0;0;0
447;2018;1259;0.78;0;7.138073034;-0.248461359;0;1;0;0;0;0;0
448;2018;1079;0.26;0;6.983789965;-1.347073648;0;1;0;0;0;0;0
449;2018;961;0.61;0;6.867974409;-0.494296322;0;1;0;0;0;0;0
450;2018;961;0.22;0;6.867974409;-1.514127733;0;1;0;0;0;0;0
451;2018;961;0.15;0;6.867974409;-1.897119985;0;1;0;0;0;0;0
452;2018;961;1;0;6.867974409;0;0;1;0;0;0;0;0
453;2018;961;0.19;0;6.867974409;-1.660731207;0;0;0;0;0;0;0
454;2018;961;0.11;0;6.867974409;-2.207274913;0;1;0;0;0;0;0
455;2018;961;0.47;0;6.867974409;-0.755022584;0;1;0;0;0;0;0
456;2018;961;0.14;0;6.867974409;-1.966112856;0;1;0;0;0;0;0
457;2018;961;0.15;0;6.867974409;-1.897119985;0;1;0;0;0;0;0
458;2018;961;0.59;0;6.867974409;-0.527632742;0;1;0;0;0;0;0
459;2018;961;0.1;0;6.867974409;-2.302585093;0;0;0;0;0;0;0
460;2018;961;0.31;0;6.867974409;-1.171182982;0;1;0;0;0;0;0
461;2018;961;0.23;0;6.867974409;-1.46967597;0;1;0;0;0;0;0
462;2018;721;0.11;0;6.580639137;-2.207274913;0;1;0;0;0;0;0
463;2018;721;0.71;1;6.580639137;-0.342490309;0;1;0;0;0;0;0
464;2018;721;0.24;0;6.580639137;-1.427116356;0;1;0;0;0;0;0
465;2018;721;0.66;0;6.580639137;-0.415515444;0;1;0;0;0;0;0
466;2018;721;0.62;1;6.580639137;-0.478035801;0;1;0;1;0;0;0
467;2018;721;0.15;0;6.580639137;-1.897119985;0;1;0;0;0;0;0
468;2018;721;0.34;0;6.580639137;-1.078809661;0;1;0;0;0;0;0
469;2018;721;0.51;0;6.580639137;-0.673344553;0;1;0;0;0;0;0
470;2018;721;0.29;0;6.580639137;-1.237874356;0;1;0;0;0;0;0
471;2018;721;0.91;1;6.580639137;-0.094310679;0;1;0;0;0;0;0
472;2018;721;0.73;1;6.580639137;-0.314710745;0;1;0;0;0;0;0
473;2018;882;0.88;0;6.782192056;-0.127833372;0;1;0;0;0;0;0
474;2018;882;0.84;0;6.782192056;-0.174353387;0;1;0;0;0;0;0
475;2018;882;0.36;0;6.782192056;-1.021651248;0;1;0;0;0;0;0
476;2018;882;0.21;0;6.782192056;-1.560647748;0;0;0;0;0;0;0
477;2018;882;0.56;0;6.782192056;-0.579818495;0;1;0;0;0;0;0
478;2018;882;0.42;0;6.782192056;-0.867500568;0;1;0;0;0;0;0
479;2018;882;0.27;0;6.782192056;-1.30933332;0;1;0;0;0;0;0
480;2018;882;0.5;0;6.782192056;-0.693147181;0;0;0;0;0;0;0
481;2018;882;0.24;0;6.782192056;-1.427116356;0;0;0;0;0;0;0
482;2018;882;0.54;0;6.782192056;-0.616186139;0;0;0;0;0;0;0
483;2018;882;0.17;1;6.782192056;-1.771956842;0;0;0;1;0;0;0
484;2018;882;0.34;0;6.782192056;-1.078809661;0;0;0;0;0;0;0
485;2018;882;0.44;1;6.782192056;-0.820980552;0;0;0;0;0;0;0
486;2018;882;0.33;0;6.782192056;-1.108662625;0;0;0;0;0;0;0
487;2018;882;0.57;0;6.782192056;-0.562118918;0;0;0;0;0;0;0
488;2018;882;0.34;0;6.782192056;-1.078809661;0;0;0;0;0;0;0
489;2018;882;0.91;2;6.782192056;-0.094310679;0;1;0;1;0;0;0
490;2018;1620;0.57;0;7.390181428;-0.562118918;0;1;0;0;0;0;0
491;2018;1620;0.21;1;7.390181428;-1.560647748;0;1;0;0;0;0;0
492;2018;1620;0.23;0;7.390181428;-1.46967597;0;1;0;0;0;0;0
493;2018;1620;0.28;0;7.390181428;-1.272965676;0;1;0;0;0;0;0
494;2018;1620;0.89;1;7.390181428;-0.116533816;0;1;0;0;0;0;0
495;2018;1620;0.47;0;7.390181428;-0.755022584;0;0;0;0;0;0;0
496;2018;1620;0.4;0;7.390181428;-0.916290732;0;0;0;0;0;0;0
497;2018;1620;0.11;0;7.390181428;-2.207274913;0;0;0;0;0;0;0
498;2018;1620;0.67;1;7.390181428;-0.400477567;0;1;0;0;0;0;0
499;2018;1620;0.8;0;7.390181428;-0.223143551;0;1;0;0;0;0;0
500;2018;1620;0.19;0;7.390181428;-1.660731207;0;1;0;0;0;0;0
501;2018;2259;0.15;0;7.722677516;-1.897119985;0;1;0;0;0;0;0
502;2018;9539;0.94;0;9.163143937;-0.061875404;1;1;0;0;0;0;0
503;2018;3632;0.84;1;8.19753874;-0.174353387;1;1;0;0;0;0;0
504;2018;3632;0.61;2;8.19753874;-0.494296322;1;1;0;0;0;0;0
505;2018;3632;0.5;1;8.19753874;-0.693147181;1;1;0;0;0;0;0
506;2018;18809;0.47;5;9.842090758;-0.755022584;1;0;0;0;0;0;1
